{
    "lengthscale": 1.1553294658660889,
    "outputscale": 26.219179153442383,
    "noise": 0.1418805718421936,
    "marginal_likelihood_loss_history": [
        11796.71875,
        11165.888671875,
        10567.2763671875,
        9998.314453125,
        9457.9150390625,
        8944.822265625,
        8457.2509765625,
        7995.02783203125,
        7556.125,
        7139.8974609375,
        6745.22998046875,
        6371.40283203125,
        6017.22412109375,
        5681.70751953125,
        5364.28515625,
        5063.8857421875,
        4779.791015625,
        4511.23876953125,
        4257.7314453125,
        4018.17724609375,
        3792.11669921875,
        3578.73291015625,
        3377.59716796875,
        3188.07958984375,
        3009.3154296875,
        2840.955078125,
        2682.21142578125,
        2532.8759765625,
        2392.22802734375,
        2259.7919921875,
        2135.2119140625,
        2017.9698486328125,
        1907.5604248046875,
        1803.7379150390625,
        1705.9913330078125,
        1614.0416259765625,
        1527.5194091796875,
        1446.0123291015625,
        1369.3687744140625,
        1297.1380615234375,
        1229.1134033203125,
        1165.0401611328125,
        1104.6236572265625,
        1047.5552978515625,
        993.7601318359375,
        942.9019775390625,
        894.7763671875,
        849.1717529296875,
        805.9249267578125,
        764.7926025390625,
        725.6629638671875,
        688.3658447265625,
        652.6851806640625,
        618.530029296875,
        585.7393798828125,
        554.2515869140625,
        523.8839111328125,
        494.5821533203125,
        466.308349609375,
        438.8902587890625,
        412.346435546875,
        386.5693359375,
        361.6119384765625,
        337.3426513671875,
        313.7540283203125,
        290.8448486328125,
        268.5181884765625,
        246.7855224609375,
        225.725341796875,
        205.2877197265625,
        185.2003173828125,
        165.85986328125,
        146.9903564453125,
        128.4786376953125,
        110.6839599609375,
        93.2506103515625,
        76.4420166015625,
        59.9755859375,
        44.0906982421875,
        28.661376953125,
        13.6279296875,
        -1.1068115234375,
        -15.2540283203125,
        -29.015869140625,
        -42.3414306640625,
        -55.4156494140625,
        -67.9041748046875,
        -80.2510986328125,
        -92.1668701171875,
        -103.7791748046875,
        -115.1591796875,
        -126.24462890625,
        -137.1258544921875,
        -147.6700439453125,
        -158.14111328125,
        -168.376953125,
        -178.1126708984375,
        -187.9666748046875,
        -197.5274658203125,
        -206.8026123046875,
        -215.9818115234375,
        -224.839599609375,
        -233.2203369140625,
        -241.6724853515625,
        -249.7437744140625,
        -258.2889404296875,
        -265.822265625,
        -273.3216552734375,
        -280.563720703125,
        -287.5330810546875,
        -295.2265625,
        -301.9052734375,
        -308.6861572265625,
        -315.54150390625,
        -321.7940673828125,
        -328.5235595703125,
        -334.2239990234375,
        -340.6153564453125,
        -346.21044921875,
        -352.12255859375,
        -357.797607421875,
        -363.2401123046875,
        -369.03466796875,
        -374.5733642578125,
        -379.6585693359375,
        -384.6478271484375,
        -389.71240234375,
        -393.3365478515625,
        -399.062744140625,
        -403.3997802734375,
        -408.063232421875,
        -413.04833984375,
        -416.788818359375,
        -421.5,
        -425.9482421875,
        -429.7694091796875,
        -433.5914306640625,
        -437.757080078125,
        -441.4886474609375,
        -445.79736328125,
        -449.2581787109375,
        -452.503173828125,
        -455.8758544921875,
        -459.902099609375,
        -463.1456298828125,
        -466.3504638671875,
        -469.5928955078125,
        -472.9854736328125,
        -476.9180908203125,
        -478.6234130859375,
        -482.2989501953125,
        -484.9918212890625,
        -487.634033203125,
        -490.166259765625,
        -493.5638427734375,
        -496.7198486328125,
        -498.4320068359375,
        -501.843994140625,
        -504.5118408203125,
        -506.1856689453125,
        -509.2213134765625,
        -512.261962890625,
        -515.5633544921875,
        -517.64990234375,
        -520.809326171875,
        -519.2137451171875,
        -523.7398681640625,
        -526.1510009765625,
        -526.699462890625,
        -529.9007568359375,
        -532.325439453125,
        -533.5279541015625,
        -537.7861328125,
        -538.6966552734375,
        -539.7794189453125,
        -541.36865234375,
        -542.0694580078125,
        -545.788818359375,
        -547.95458984375,
        -548.397705078125,
        -551.870849609375,
        -551.4580078125,
        -552.6031494140625,
        -555.8258056640625,
        -555.1102294921875,
        -558.6590576171875,
        -561.0572509765625,
        -562.3177490234375,
        -564.862060546875,
        -566.38134765625,
        -566.45849609375,
        -566.33984375,
        -569.7977294921875,
        -570.5347900390625,
        -572.679443359375,
        -571.7520751953125,
        -574.4119873046875,
        -574.8076171875,
        -573.5045166015625,
        -579.82763671875,
        -577.9400634765625,
        -578.1822509765625,
        -577.5506591796875,
        -579.769775390625,
        -580.80126953125,
        -580.9271240234375,
        -583.590087890625,
        -582.194580078125,
        -587.5450439453125,
        -590.50732421875,
        -583.8917236328125,
        -587.4031982421875,
        -586.4595947265625,
        -592.0101318359375,
        -593.857421875,
        -590.0594482421875,
        -593.5970458984375,
        -588.4254150390625,
        -587.3675537109375,
        -593.1524658203125,
        -594.0716552734375,
        -592.9625244140625,
        -591.5838623046875,
        -589.0606689453125,
        -592.5186767578125,
        -596.466064453125,
        -595.8682861328125,
        -599.7774658203125,
        -593.1798095703125,
        -594.2073974609375,
        -597.2657470703125,
        -598.8824462890625,
        -599.37353515625,
        -589.0333251953125,
        -599.8360595703125,
        -602.4168701171875,
        -596.12841796875,
        -600.7750244140625,
        -602.0323486328125,
        -599.4869384765625,
        -597.6270751953125,
        -601.9625244140625,
        -597.31103515625,
        -595.252197265625,
        -599.232666015625,
        -605.1556396484375,
        -605.37255859375,
        -602.2806396484375,
        -591.7789306640625,
        -597.7989501953125,
        -594.11474609375,
        -596.1953125,
        -593.9720458984375,
        -600.58935546875,
        -590.0975341796875,
        -594.0882568359375,
        -578.8436279296875,
        -589.2987060546875,
        -583.4761962890625,
        -584.7115478515625,
        -576.5391845703125,
        -585.7874755859375,
        -575.920166015625,
        -578.8624267578125,
        -589.8341064453125,
        -575.0286865234375,
        -579.2745361328125,
        -581.6197509765625,
        -583.14892578125,
        -566.69482421875,
        -574.505859375,
        -573.1646728515625,
        -584.7420654296875,
        -580.3807373046875,
        -568.4317626953125,
        -585.413330078125,
        -563.320556640625,
        -579.9522705078125,
        -586.1217041015625,
        -569.85302734375,
        -560.5946044921875,
        -583.2894287109375,
        -569.1475830078125,
        -558.6533203125,
        -563.413330078125,
        -573.1241455078125,
        -579.0421142578125,
        -567.197509765625,
        -568.086181640625,
        -559.8868408203125,
        -573.1351318359375,
