{
    "lengthscale": 1.2278107404708862,
    "outputscale": 31.716421127319336,
    "noise": 0.12653598189353943,
    "marginal_likelihood_loss_history": [
        10612.1162109375,
        10065.5634765625,
        9547.23046875,
        9055.515625,
        8588.85546875,
        8146.27734375,
        7726.1748046875,
        7327.38720703125,
        6949.1396484375,
        6590.06298828125,
        6249.333984375,
        5926.06494140625,
        5619.5341796875,
        5328.76123046875,
        5053.068359375,
        4791.71337890625,
        4543.93115234375,
        4309.23779296875,
        4087.11865234375,
        3876.767822265625,
        3677.6162109375,
        3489.32958984375,
        3311.269287109375,
        3142.859375,
        2983.813720703125,
        2833.579345703125,
        2691.790283203125,
        2557.903076171875,
        2431.602294921875,
        2312.490478515625,
        2200.154296875,
        2094.255859375,
        1994.481201171875,
        1900.475830078125,
        1811.84814453125,
        1728.4130859375,
        1649.794921875,
        1575.7822265625,
        1506.074462890625,
        1440.4287109375,
        1378.572509765625,
        1320.3486328125,
        1265.508056640625,
        1213.80224609375,
        1165.0771484375,
        1119.121826171875,
        1075.81494140625,
        1034.909423828125,
        996.2748413085938,
        959.7727661132812,
        925.2368774414062,
        892.5211791992188,
        861.4812622070312,
        832.0022583007812,
        803.9612426757812,
        777.1984252929688,
        751.6670532226562,
        727.2097778320312,
        703.7525024414062,
        681.1665649414062,
        659.4008178710938,
        638.3543090820312,
        617.9519653320312,
        598.1409301757812,
        578.8738403320312,
        560.0774536132812,
        541.7073364257812,
        523.7471313476562,
        506.13458251953125,
        488.84747314453125,
        471.890625,
        455.19891357421875,
        438.8232421875,
        422.68206787109375,
        406.82513427734375,
        391.2147216796875,
        375.864501953125,
        360.75732421875,
        345.9202880859375,
        331.3677978515625,
        317.07232666015625,
        303.02178955078125,
        289.29730224609375,
        275.82965087890625,
        262.6016845703125,
        249.7913818359375,
        237.1158447265625,
        224.8614501953125,
        212.96746826171875,
        201.20672607421875,
        189.89471435546875,
        178.98797607421875,
        168.2398681640625,
        157.8560791015625,
        147.84552001953125,
        137.8758544921875,
        128.51702880859375,
        119.29833984375,
        110.34619140625,
        101.5816650390625,
        93.24737548828125,
        85.07318115234375,
        77.1240234375,
        69.3787841796875,
        61.7498779296875,
        54.566650390625,
        47.29095458984375,
        40.20281982421875,
        33.4052734375,
        26.64312744140625,
        19.847412109375,
        13.626708984375,
        7.25091552734375,
        1.0556640625,
        -5.0841064453125,
        -10.8966064453125,
        -16.622802734375,
        -22.452880859375,
        -27.91217041015625,
        -33.656982421875,
        -38.74407958984375,
        -44.2718505859375,
        -49.28546142578125,
        -54.21746826171875,
        -59.21063232421875,
        -64.0107421875,
        -68.6614990234375,
        -73.04498291015625,
        -77.6602783203125,
        -82.2796630859375,
        -86.79205322265625,
        -90.79046630859375,
        -95.10906982421875,
        -98.92742919921875,
        -103.32977294921875,
        -106.81805419921875,
        -110.93145751953125,
        -114.82171630859375,
        -118.34344482421875,
        -121.99822998046875,
        -125.69232177734375,
        -129.16241455078125,
        -132.23089599609375,
        -136.41094970703125,
        -139.25970458984375,
        -142.50286865234375,
        -145.72332763671875,
        -148.43817138671875,
        -151.26409912109375,
        -154.46417236328125,
        -157.76312255859375,
        -161.18829345703125,
        -163.55535888671875,
        -166.41864013671875,
        -169.37261962890625,
        -171.85076904296875,
        -173.88494873046875,
        -177.01690673828125,
        -179.28546142578125,
        -181.41790771484375,
        -184.53070068359375,
        -186.37518310546875,
        -188.81658935546875,
        -191.65863037109375,
        -192.48211669921875,
        -195.15399169921875,
        -198.54693603515625,
        -200.90765380859375,
        -202.21307373046875,
        -203.99139404296875,
        -206.06878662109375,
        -207.89190673828125,
        -210.70306396484375,
        -212.45941162109375,
        -214.89324951171875,
        -215.83355712890625,
        -218.40362548828125,
        -219.08026123046875,
        -221.27020263671875,
        -222.92242431640625,
        -223.85052490234375,
        -227.17816162109375,
        -228.54815673828125,
        -229.53948974609375,
        -231.51104736328125,
        -232.43621826171875,
        -234.92376708984375,
        -235.75994873046875,
        -236.80023193359375,
        -237.77325439453125,
        -239.80181884765625,
        -240.95013427734375,
        -242.49822998046875,
        -242.26751708984375,
        -243.11785888671875,
        -248.20428466796875,
        -248.55413818359375,
        -249.32659912109375,
        -250.85882568359375,
        -252.59405517578125,
        -251.93963623046875,
        -254.62652587890625,
        -256.71014404296875,
        -256.47943115234375,
        -256.27191162109375,
        -256.60443115234375,
        -257.82183837890625,
        -259.50177001953125,
        -261.65655517578125,
        -262.08087158203125,
        -261.50885009765625,
        -264.65093994140625,
        -264.36810302734375,
        -267.53582763671875,
        -267.54461669921875,
        -268.01239013671875,
        -269.73602294921875,
        -268.59942626953125,
        -270.32696533203125,
        -271.17486572265625,
        -273.63006591796875,
        -270.63079833984375,
        -274.86663818359375,
        -271.67022705078125,
        -272.17279052734375,
        -274.83660888671875,
        -275.09552001953125,
        -277.21160888671875,
        -279.88873291015625,
        -271.59210205078125,
        -278.62567138671875,
        -275.04608154296875,
        -278.30621337890625,
        -278.62933349609375,
        -278.89727783203125,
        -280.94940185546875,
        -283.41900634765625,
        -276.53692626953125,
        -280.12518310546875,
        -283.66864013671875,
        -282.85565185546875,
        -283.27581787109375,
        -282.48382568359375,
        -281.44488525390625,
        -283.61822509765625,
        -283.44305419921875,
        -285.19256591796875,
        -284.76910400390625,
        -286.35589599609375,
        -285.70281982421875,
        -288.10296630859375,
        -284.14984130859375,
        -283.63885498046875,
        -282.15716552734375,
        -284.15509033203125,
        -285.68719482421875,
        -290.54559326171875,
        -283.34490966796875,
        -279.56439208984375,
        -289.72833251953125,
        -291.12933349609375,
        -280.45770263671875,
        -282.68182373046875,
        -277.97979736328125,
        -282.84259033203125,
        -283.31707763671875,
        -279.11785888671875,
        -295.20880126953125,
        -292.98358154296875,
        -286.64324951171875,
        -275.95648193359375,
        -284.62677001953125,
        -285.21405029296875,
        -278.66766357421875,
        -284.53948974609375,
        -283.45025634765625,
        -284.46307373046875,
        -285.74920654296875,
        -287.10614013671875,
        -283.66168212890625,
        -281.02105712890625,
        -279.49822998046875,
