{
    "lengthscale": 2.440053939819336,
    "outputscale": 5.862242221832275,
    "noise": 0.3628179430961609,
    "marginal_likelihood_loss_history": [
        702.7568359375,
        698.0640258789062,
        693.5288696289062,
        689.154296875,
        684.93994140625,
        680.8865356445312,
        676.9954223632812,
        673.265380859375,
        669.6963500976562,
        666.2880249023438,
        663.0386352539062,
        659.9497680664062,
        657.0198364257812,
        654.2433471679688,
        651.6233520507812,
        649.1536254882812,
        646.8279418945312,
        644.645751953125,
        642.5987548828125,
        640.6787719726562,
        638.8749389648438,
        637.175048828125,
        635.56640625,
        634.035400390625,
        632.5698852539062,
        631.1548461914062,
        629.778076171875,
        628.434326171875,
        627.1109008789062,
        625.8097534179688,
        624.526123046875,
        623.263916015625,
        622.0255737304688,
        620.81396484375,
        619.6370849609375,
        618.4993896484375,
        617.406494140625,
        616.3646240234375,
        615.3779296875,
        614.4404907226562,
        613.5565185546875,
        612.7214965820312,
        611.924072265625,
        611.1574096679688,
        610.4109497070312,
        609.6856079101562,
        608.98486328125,
        608.2991333007812,
        607.6445922851562,
        607.0137329101562,
        606.408447265625,
        605.8275146484375,
        605.26806640625,
        604.7295532226562,
        604.19677734375,
        603.68115234375,
        603.1685180664062,
        602.6710205078125,
        602.1858520507812,
        601.7222900390625,
        601.271484375,
        600.8377685546875,
        600.4230346679688,
        600.0311889648438,
        599.63525390625,
        599.25830078125,
        598.88916015625,
        598.5230712890625,
        598.1820068359375,
        597.8485717773438,
        597.5155029296875,
        597.1942749023438,
        596.8890380859375,
        596.5809326171875,
        596.2899169921875,
        596.0039672851562,
        595.737060546875,
        595.4638671875,
        595.2109375,
        594.9478759765625,
        594.7113037109375,
        594.4759521484375,
        594.248291015625,
        594.027099609375,
        593.8199462890625,
        593.594482421875,
        593.4212646484375,
        593.1937866210938,
        593.0130615234375,
        592.8336181640625,
        592.6598510742188,
        592.4945068359375,
        592.3199462890625,
        592.1475830078125,
        591.99267578125,
        591.8566284179688,
        591.70166015625,
        591.5706787109375,
        591.4253540039062,
        591.2955322265625,
        591.1837768554688,
        591.05517578125,
        590.9430541992188,
        590.8267822265625,
        590.7159423828125,
        590.6063232421875,
        590.5018310546875,
        590.424072265625,
        590.3193359375,
        590.2205200195312,
        590.1636962890625,
        590.03857421875,
        589.952392578125,
        589.910888671875,
        589.8079833984375,
        589.7562255859375,
        589.6905517578125,
        589.6431884765625,
        589.5457763671875,
        589.5263671875,
        589.456787109375,
        589.3797607421875,
        589.3740234375,
        589.3120727539062,
        589.254150390625,
        589.2083740234375,
        589.1685791015625,
        589.1766357421875,
        589.1202392578125,
        589.0892333984375,
        589.0205078125,
        589.0340576171875,
        589.0275268554688,
        589.0079345703125,
        588.9639282226562,
        588.9921875,
        589.0210571289062,
        589.0317993164062,
        589.0481567382812,
        589.0078125,
        588.9649658203125,
        588.9788818359375,
        589.0198974609375,
        588.9635009765625,
        588.9150390625,
        588.9774169921875,
        588.9586181640625,
        589.0155029296875,
        588.9585571289062,
        589.011474609375,
        589.0234375,
        588.9527587890625,
        589.057373046875,
        588.95751953125,
        588.9983520507812,
        588.9439697265625,
        588.9952392578125,
        588.936279296875,
        588.988037109375,
        588.9515380859375,
        588.980712890625,
        588.8941650390625,
        588.9586181640625,
        588.989990234375,
        588.9186401367188,
        588.9244384765625,
        588.92431640625,
        588.9601440429688,
        588.97216796875,
        589.0240478515625,
        588.98876953125,
        589.0082397460938,
        588.9349365234375,
        588.9676513671875,
        589.062255859375,
        588.985595703125,
        588.963134765625,
        588.9590454101562,
        588.9903564453125,
        588.975341796875,
        588.9529418945312,
        588.9554443359375,
        589.03466796875,
        588.9629516601562,
        588.9707641601562,
        588.9869384765625,
        589.031494140625,
        589.0092163085938,
        588.997314453125,
        588.98291015625,
        588.94921875,
        589.0172119140625,
        588.9703369140625,
        588.95263671875,
        589.02197265625,
        589.0015869140625,
        588.9590454101562,
        588.9497680664062,
        588.988037109375,
        588.9893798828125,
        588.9371337890625,
        588.9793701171875,
        588.939453125,
        588.9300537109375,
        588.9334716796875,
        588.9683837890625,
        589.0006713867188,
        588.9931640625,
        589.0048828125,
        588.9895629882812,
        588.9137573242188,
        588.967529296875,
        588.961181640625,
        588.9906005859375,
        588.9610595703125,
        588.975341796875,
        588.91455078125,
        588.971923828125,
        588.9677734375,
        588.980224609375,
        588.990478515625,
        588.962158203125,
        588.9561157226562,
        589.01220703125,
        588.981689453125,
        588.974609375,
        589.0128784179688,
        588.933837890625,
        588.9925537109375,
        588.922119140625,
        588.9447021484375,
        588.9749145507812,
        588.9619140625,
        589.031494140625,
        588.99560546875,
        589.002685546875,
        588.984619140625,
        588.9552001953125,
        588.9295654296875,
        588.974609375,
        588.9130859375,
        588.9639892578125,
        588.96826171875,
        588.9849243164062,
        588.97900390625,
        588.9957275390625,
        588.9559326171875,
        588.9498291015625,
        588.9532470703125,
        588.9580078125,
        588.9844970703125,
        588.9764404296875,
        588.932861328125,
        588.971923828125,
        588.9532470703125,
        588.970458984375,
        588.949951171875,
        588.97021484375,
        588.967529296875,
        588.9813842773438,
        588.953857421875,
        588.927734375,
        588.93603515625,
        588.9288330078125,
        588.9583740234375,
        588.9608154296875,
        588.955322265625,
        588.9376220703125,
        589.01220703125,
        588.9939575195312,
        588.9624633789062,
        588.9498291015625,
        588.951171875,
        588.9865112304688,
        588.96435546875,
        588.9381103515625,
        588.9432373046875,
        589.0052490234375,
        588.9461059570312,
        588.9498291015625,
        588.9473876953125,
        588.982666015625,
        589.017578125,
        589.01025390625,
        588.9400634765625,
        589.0072631835938,
        588.9895629882812,
        588.99951171875,
        588.961669921875,
        588.994873046875,
        588.9451293945312,
        588.9305419921875,
        589.013916015625,
        588.984375,
        588.9859619140625,
        588.9869384765625,
        588.9794921875,
        588.9605712890625,
        588.9290771484375,
