{
    "lengthscale": 2.4354381561279297,
    "outputscale": 5.350484848022461,
    "noise": 0.3311272859573364,
    "marginal_likelihood_loss_history": [
        2480.84716796875,
        2396.60498046875,
        2315.2890625,
        2236.632568359375,
        2160.713134765625,
        2087.472900390625,
        2016.873291015625,
        1948.876220703125,
        1883.414306640625,
        1820.4716796875,
        1759.933349609375,
        1701.875,
        1646.12744140625,
        1592.759765625,
        1541.672119140625,
        1492.84326171875,
        1446.26220703125,
        1401.82421875,
        1359.533447265625,
        1319.419677734375,
        1281.340576171875,
        1245.3291015625,
        1211.330810546875,
        1179.3271484375,
        1149.26025390625,
        1121.104736328125,
        1094.833984375,
        1070.40771484375,
        1047.7919921875,
        1026.9345703125,
        1007.8081665039062,
        990.3842163085938,
        974.5858764648438,
        960.3768310546875,
        947.695068359375,
        936.4783325195312,
        926.6320190429688,
        918.0527954101562,
        910.6226806640625,
        904.18994140625,
        898.5619506835938,
        893.5505981445312,
        888.9727172851562,
        884.6537475585938,
        880.4636840820312,
        876.293212890625,
        872.0701293945312,
        867.7380981445312,
        863.27099609375,
        858.6514282226562,
        853.8906860351562,
        849.0030517578125,
        844.0048828125,
        838.9257202148438,
        833.7972412109375,
        828.6360473632812,
        823.4735717773438,
        818.3242797851562,
        813.2096557617188,
        808.1390380859375,
        803.1179809570312,
        798.151123046875,
        793.2418212890625,
        788.3854370117188,
        783.5783081054688,
        778.8165283203125,
        774.0969848632812,
        769.4141845703125,
        764.758544921875,
        760.12939453125,
        755.5216674804688,
        750.9288330078125,
        746.3511962890625,
        741.78369140625,
        737.2242431640625,
        732.6725463867188,
        728.12451171875,
        723.5829467773438,
        719.0455932617188,
        714.5123901367188,
        709.9830932617188,
        705.4597778320312,
        700.9412231445312,
        696.42919921875,
        691.9227905273438,
        687.4276123046875,
        682.9404907226562,
        678.4668579101562,
        674.007080078125,
        669.5643310546875,
        665.1392211914062,
        660.736083984375,
        656.3576049804688,
        652.0068969726562,
        647.6875610351562,
        643.4015502929688,
        639.1538696289062,
        634.9486694335938,
        630.7889404296875,
        626.6790161132812,
        622.6232299804688,
        618.6270751953125,
        614.6923828125,
        610.826416015625,
        607.0318603515625,
        603.3128051757812,
        599.673583984375,
        596.117431640625,
        592.649169921875,
        589.2716064453125,
        585.9856567382812,
        582.7938842773438,
        579.6964721679688,
        576.6959228515625,
        573.78955078125,
        570.9798583984375,
        568.264404296875,
        565.6405639648438,
        563.10791015625,
        560.6644897460938,
        558.3074951171875,
        556.0347900390625,
        553.8447265625,
        551.731689453125,
        549.6971435546875,
        547.7332153320312,
        545.841796875,
        544.0157470703125,
        542.2521362304688,
        540.55029296875,
        538.9037475585938,
        537.309814453125,
        535.7680053710938,
        534.271484375,
        532.8228759765625,
        531.4141235351562,
        530.0496215820312,
        528.724365234375,
        527.4332885742188,
        526.1846923828125,
        524.9697875976562,
        523.7935180664062,
        522.6505737304688,
        521.5469970703125,
        520.4735717773438,
        519.4337768554688,
        518.4248657226562,
        517.4437866210938,
        516.4977416992188,
        515.5805053710938,
        514.6942749023438,
        513.8427734375,
        513.0201416015625,
        512.2342529296875,
        511.48150634765625,
        510.75482177734375,
        510.06719970703125,
        509.404296875,
        508.7645263671875,
        508.1578369140625,
        507.5753479003906,
        507.0108947753906,
        506.4678955078125,
        505.95794677734375,
        505.44549560546875,
        504.9734191894531,
        504.5192565917969,
        504.0736999511719,
        503.6416320800781,
        503.2336120605469,
        502.8379211425781,
        502.4681091308594,
        502.11724853515625,
        501.77099609375,
        501.4480895996094,
        501.12408447265625,
        500.8173522949219,
        500.5106506347656,
        500.2386779785156,
        499.9816589355469,
        499.7224426269531,
        499.4785461425781,
        499.2464294433594,
        499.016357421875,
        498.79095458984375,
        498.5953369140625,
        498.4123840332031,
        498.22711181640625,
        498.0480041503906,
        497.8862609863281,
        497.70672607421875,
        497.5649108886719,
        497.39794921875,
        497.2877502441406,
        497.1120300292969,
        496.99212646484375,
        496.8849792480469,
        496.78277587890625,
        496.6293640136719,
        496.5675048828125,
        496.48150634765625,
        496.3904724121094,
        496.2998046875,
        496.22515869140625,
        496.210693359375,
        496.16619873046875,
        496.07806396484375,
        496.02178955078125,
        495.9897766113281,
        495.91156005859375,
        495.8463134765625,
        495.79486083984375,
        495.7788391113281,
        495.77978515625,
        495.710205078125,
        495.7569274902344,
        495.69384765625,
        495.7360534667969,
        495.70751953125,
        495.69024658203125,
        495.6665344238281,
        495.6487731933594,
        495.6968078613281,
        495.6901550292969,
        495.70458984375,
        495.7812805175781,
        495.65887451171875,
        495.71478271484375,
        495.744140625,
        495.7179260253906,
        495.7357177734375,
        495.7413635253906,
        495.7126159667969,
        495.7079162597656,
        495.64752197265625,
        495.70196533203125,
        495.70758056640625,
        495.67095947265625,
        495.62335205078125,
        495.6956787109375,
        495.6507873535156,
        495.7416076660156,
        495.64300537109375,
        495.6336975097656,
        495.7012634277344,
        495.6601867675781,
        495.6888732910156,
        495.62445068359375,
        495.7060546875,
        495.6675109863281,
        495.6385498046875,
        495.66632080078125,
        495.6566162109375,
        495.6511535644531,
        495.69818115234375,
        495.66461181640625,
        495.61920166015625,
        495.6313171386719,
        495.6781005859375,
        495.6694030761719,
        495.62640380859375,
        495.72149658203125,
        495.6166687011719,
        495.6900634765625,
        495.68121337890625,
        495.7041931152344,
        495.6584777832031,
        495.62554931640625,
        495.7457580566406,
        495.69110107421875,
        495.693359375,
        495.6725769042969,
        495.7096862792969,
        495.59844970703125,
        495.69287109375,
        495.6329345703125,
        495.74560546875,
        495.67803955078125,
        495.6833801269531,
        495.6914367675781,
        495.68963623046875,
        495.7060546875,
        495.65277099609375,
        495.6824951171875,
        495.73822021484375,
        495.6278076171875,
        495.7257080078125,
        495.7101745605469,
        495.6996154785156,
        495.69952392578125,
        495.6504821777344,
        495.6922302246094,
        495.7344665527344,
