{
    "mse": 0.04437113180756569,
    "rmse": 0.21064455807209015,
    "test_ll": -255002.109375,
    "total_test_ll": -5100042240.0
}