{
    "lengthscale": 1.177801251411438,
    "outputscale": 27.9438419342041,
    "noise": 0.142790287733078,
    "marginal_likelihood_loss_history": [
        11997.55859375,
        11352.5029296875,
        10740.6484375,
        10159.25,
        9607.9931640625,
        9084.7763671875,
        8588.400390625,
        8117.68017578125,
        7671.50439453125,
        7248.47021484375,
        6848.06787109375,
        6468.46533203125,
        6109.28515625,
        5769.34619140625,
        5447.68994140625,
        5144.01123046875,
        4856.58154296875,
        4585.2275390625,
        4328.85791015625,
        4087.05810546875,
        3858.7919921875,
        3643.43505859375,
        3440.19091796875,
        3248.83837890625,
        3068.38720703125,
        2898.2001953125,
        2738.0703125,
        2587.06103515625,
        2444.861328125,
        2310.994140625,
        2184.7783203125,
        2066.0078125,
        1954.1085205078125,
        1848.7882080078125,
        1749.5328369140625,
        1656.0440673828125,
        1567.9342041015625,
        1484.9832763671875,
        1406.7581787109375,
        1333.0245361328125,
        1263.4681396484375,
        1197.8865966796875,
        1135.9366455078125,
        1077.4530029296875,
        1022.1746826171875,
        969.8756103515625,
        920.4202880859375,
        873.4603271484375,
        828.8177490234375,
        786.5372314453125,
        746.170166015625,
        707.6424560546875,
        670.875,
        635.5870361328125,
        601.7567138671875,
        569.2716064453125,
        537.9381103515625,
        507.6785888671875,
        478.6107177734375,
        450.3804931640625,
        423.0364990234375,
        396.561279296875,
        370.8607177734375,
        345.9049072265625,
        321.6572265625,
        298.04296875,
        275.15966796875,
        252.8580322265625,
        231.1571044921875,
        210.0255126953125,
        189.4710693359375,
        169.40478515625,
        149.9202880859375,
        130.91650390625,
        112.529052734375,
        94.44287109375,
        76.989501953125,
        59.8619384765625,
        43.3245849609375,
        27.234375,
        11.6204833984375,
        -3.5635986328125,
        -18.3212890625,
        -32.72998046875,
        -46.460205078125,
        -59.9239501953125,
        -73.16552734375,
        -85.9049072265625,
        -98.12841796875,
        -110.3865966796875,
        -121.9210205078125,
        -133.430419921875,
        -144.9033203125,
        -155.640625,
        -166.254638671875,
        -176.7933349609375,
        -187.0628662109375,
        -196.791259765625,
        -206.6536865234375,
        -216.08935546875,
        -225.678466796875,
        -235.0228271484375,
        -243.970703125,
        -252.8143310546875,
        -260.8861083984375,
        -268.9378662109375,
        -277.46435546875,
        -285.3582763671875,
        -293.0390625,
        -300.3419189453125,
        -307.84912109375,
        -314.872314453125,
        -321.8287353515625,
        -328.5916748046875,
        -335.178955078125,
        -341.6402587890625,
        -348.4090576171875,
        -354.968994140625,
        -361.3248291015625,
        -367.083740234375,
        -372.92138671875,
        -378.8463134765625,
        -384.12548828125,
        -389.7437744140625,
        -395.2784423828125,
        -400.4559326171875,
        -405.6285400390625,
        -411.2012939453125,
        -415.3541259765625,
        -420.564453125,
        -425.860107421875,
        -429.9830322265625,
        -434.4588623046875,
        -439.49560546875,
        -444.20947265625,
        -447.9505615234375,
        -452.5130615234375,
        -456.3026123046875,
        -460.770263671875,
        -463.9603271484375,
        -468.2130126953125,
        -472.14453125,
        -476.7445068359375,
        -479.3653564453125,
        -483.22802734375,
        -486.9515380859375,
        -489.6571044921875,
        -493.207275390625,
        -496.7698974609375,
        -500.8084716796875,
        -502.78662109375,
        -506.814208984375,
        -508.965087890625,
        -512.6258544921875,
        -514.6881103515625,
        -517.37646484375,
        -521.3880615234375,
        -524.1265869140625,
        -525.5787353515625,
        -530.0799560546875,
        -531.3157958984375,
        -535.0523681640625,
        -538.2979736328125,
        -538.991943359375,
        -542.6309814453125,
        -543.5743408203125,
        -545.3292236328125,
        -549.5782470703125,
        -550.3162841796875,
        -553.7330322265625,
        -555.8768310546875,
        -557.3572998046875,
        -560.4442138671875,
        -562.2913818359375,
        -563.156005859375,
        -564.3602294921875,
        -567.5628662109375,
        -566.3424072265625,
        -570.897705078125,
        -572.15673828125,
        -578.2952880859375,
        -577.71533203125,
        -576.859619140625,
        -581.116943359375,
        -581.093017578125,
        -582.25732421875,
        -586.7122802734375,
        -582.99365234375,
        -588.8941650390625,
        -591.9512939453125,
        -590.00732421875,
        -591.098388671875,
        -594.34130859375,
        -596.6390380859375,
        -593.7838134765625,
        -594.973388671875,
        -599.5,
        -603.197509765625,
        -600.6485595703125,
        -602.1009521484375,
        -603.2315673828125,
        -610.5484619140625,
        -606.8994140625,
        -607.4940185546875,
        -605.4307861328125,
        -601.3453369140625,
        -606.7449951171875,
        -608.0748291015625,
        -611.5006103515625,
        -614.034912109375,
        -610.6890869140625,
        -614.6724853515625,
        -616.6734619140625,
        -611.78515625,
        -620.3470458984375,
        -616.4005126953125,
        -617.0128173828125,
        -621.58544921875,
        -621.1593017578125,
        -623.3507080078125,
        -625.9686279296875,
        -621.295166015625,
        -621.0299072265625,
        -628.3140869140625,
        -622.6995849609375,
        -621.0142822265625,
        -618.2132568359375,
        -627.7335205078125,
        -619.3533935546875,
        -625.3487548828125,
        -615.0870361328125,
        -615.916015625,
        -616.1802978515625,
        -617.5814208984375,
        -623.888916015625,
        -629.829833984375,
        -617.8941650390625,
        -618.8387451171875,
        -627.69873046875,
        -629.0694580078125,
        -622.6519775390625,
        -624.33544921875,
        -623.9630126953125,
        -631.9271240234375,
        -628.9112548828125,
        -625.9478759765625,
        -616.9100341796875,
        -615.0338134765625,
        -622.98291015625,
        -629.0611572265625,
        -622.1229248046875,
        -621.68896484375,
        -623.2388916015625,
        -619.7288818359375,
        -621.16162109375,
        -615.165283203125,
        -611.3106689453125,
        -622.322998046875,
        -611.9193115234375,
        -614.3790283203125,
        -619.0963134765625,
        -605.4664306640625,
        -603.7122802734375,
        -609.030029296875,
        -609.208251953125,
        -614.7440185546875,
        -597.8802490234375,
        -618.908203125,
        -595.5538330078125,
        -587.7193603515625,
        -608.6865234375,
        -618.397705078125,
        -616.7608642578125,
        -623.36669921875,
        -591.4730224609375,
        -607.9761962890625,
        -618.463623046875,
        -589.3441162109375,
        -601.120361328125,
        -614.7127685546875,
        -596.768798828125,
        -596.18896484375,
        -606.982421875,
        -597.94970703125,
        -595.292724609375,
        -603.1964111328125,
        -600.409423828125,
        -605.1336669921875,
        -600.0947265625,
        -592.929443359375,
        -599.79833984375,
        -608.7772216796875,
