{
    "lengthscale": 1.1154382228851318,
    "outputscale": 24.824878692626953,
    "noise": 0.1082596555352211,
    "marginal_likelihood_loss_history": [
        -7045.2666015625
    ]
}