{
    "lengthscale": 1.1836827993392944,
    "outputscale": 1.5747078657150269,
    "noise": 0.1029292568564415,
    "marginal_likelihood_loss_history": [
        -818.7744750976562,
        -819.3392944335938,
        -819.6705932617188,
        -819.8078002929688,
        -819.8016967773438,
        -819.8102416992188,
        -819.8344116210938,
        -819.9021606445312,
        -819.9526977539062,
        -819.9596557617188,
        -819.9928588867188,
        -820.0079956054688,
        -820.0336303710938,
        -820.0758666992188,
        -820.1137084960938,
        -820.1107788085938,
        -820.1503295898438,
        -820.1669311523438,
        -820.1870727539062,
        -820.2357788085938,
        -820.2391967773438,
        -820.2509155273438,
        -820.2848510742188,
        -820.3027954101562,
        -820.2927856445312,
        -820.3207397460938,
        -820.3377075195312,
        -820.3720092773438,
        -820.3987426757812,
        -820.4354858398438,
        -820.4017944335938,
        -820.4236450195312,
        -820.4623413085938,
        -820.4424438476562,
        -820.4689331054688,
        -820.4849243164062,
        -820.4867553710938,
        -820.4979858398438,
        -820.5148315429688,
        -820.4818725585938,
        -820.5059204101562,
        -820.5324096679688,
        -820.4760131835938,
        -820.4915161132812,
        -820.4816284179688,
        -820.4624633789062,
        -820.5084838867188,
        -820.4967651367188,
        -820.5234985351562,
        -820.5128784179688,
        -820.5045776367188,
        -820.5082397460938,
        -820.5385131835938,
        -820.4855346679688,
        -820.5505981445312,
        -820.4948120117188,
        -820.5016479492188,
        -820.5061645507812,
        -820.4808959960938,
        -820.4849243164062,
        -820.4714965820312,
        -820.4867553710938,
        -820.4900512695312,
        -820.5465698242188,
        -820.5371704101562,
        -820.4992065429688,
        -820.5165405273438,
        -820.5070190429688,
        -820.5299682617188,
        -820.5093383789062,
        -820.4876098632812,
        -820.5404663085938,
        -820.5062866210938,
        -820.5194702148438,
        -820.5348510742188,
        -820.5333862304688,
        -820.5158081054688,
        -820.4808959960938,
        -820.4963989257812,
        -820.4962768554688,
        -820.5028686523438,
        -820.5338745117188,
        -820.4503784179688,
        -820.4973754882812,
        -820.5016479492188,
        -820.5039672851562,
        -820.5018920898438,
        -820.4937133789062,
        -820.5053100585938,
        -820.5181274414062,
        -820.5203247070312,
        -820.5159301757812,
        -820.5018920898438,
        -820.5112915039062,
        -820.4898071289062,
        -820.5119018554688,
        -820.5101928710938,
        -820.5011596679688,
        -820.5595092773438,
        -820.4692993164062,
        -820.5377807617188,
        -820.4882202148438,
        -820.4924926757812,
        -820.5094604492188,
        -820.4996948242188,
        -820.4525756835938,
        -820.4837036132812,
        -820.5110473632812,
        -820.4801635742188,
        -820.5167846679688,
        -820.4954223632812,
        -820.5062866210938,
        -820.5331420898438,
        -820.5332641601562,
        -820.5138549804688,
        -820.5407104492188,
        -820.5232543945312,
        -820.5663452148438,
        -820.5541381835938,
        -820.5068969726562,
        -820.5565795898438,
        -820.5133666992188,
        -820.5629272460938,
        -820.5449829101562,
        -820.5512084960938,
        -820.5382690429688,
        -820.5476684570312,
        -820.5433959960938,
        -820.5010375976562,
        -820.5325317382812,
        -820.5105590820312,
        -820.4984741210938,
        -820.4973754882812,
        -820.5266723632812,
        -820.5629272460938,
        -820.5309448242188,
        -820.5458374023438,
        -820.5313110351562,
        -820.4971313476562,
        -820.5155639648438,
        -820.5164184570312,
        -820.5004272460938,
        -820.4915161132812,
        -820.5238647460938,
        -820.5243530273438,
        -820.5046997070312,
        -820.5150756835938,
        -820.5370483398438,
        -820.4968872070312,
        -820.5553588867188,
        -820.5261840820312,
        -820.4916381835938,
        -820.4989624023438,
        -820.5164184570312,
        -820.5094604492188,
        -820.4887084960938,
        -820.5346069335938,
        -820.5433959960938,
        -820.5311889648438,
        -820.4771118164062,
        -820.5044555664062,
        -820.5214233398438,
        -820.5018920898438,
        -820.5331420898438,
        -820.4943237304688,
        -820.4993286132812,
        -820.5546264648438,
        -820.5248413085938,
        -820.5197143554688,
        -820.5040893554688,
        -820.5513305664062,
        -820.5260620117188,
        -820.5210571289062,
        -820.5271606445312,
        -820.5099487304688,
        -820.4877319335938,
        -820.4622192382812,
        -820.5095825195312,
        -820.5033569335938,
        -820.4738159179688,
        -820.4708862304688,
        -820.5223999023438,
        -820.5186157226562,
        -820.5315551757812,
        -820.5199584960938,
        -820.5387573242188,
        -820.5067749023438,
        -820.4918823242188,
        -820.4957885742188,
        -820.5203247070312,
        -820.5159301757812,
        -820.4852905273438,
        -820.5109252929688,
        -820.5629272460938,
        -820.5477905273438,
        -820.5529174804688,
        -820.5011596679688,
        -820.5250854492188,
        -820.5402221679688,
        -820.4922485351562,
        -820.4797973632812,
        -820.5202026367188,
        -820.5327758789062,
        -820.4953002929688,
        -820.5404663085938,
        -820.4503784179688,
        -820.4904174804688,
        -820.5247192382812,
        -820.5494995117188,
        -820.4938354492188,
        -820.4946899414062,
        -820.5029907226562,
        -820.5175170898438,
        -820.4850463867188,
        -820.5270385742188,
        -820.5228881835938,
        -820.5143432617188,
        -820.5452270507812,
        -820.5248413085938,
        -820.5265502929688,
        -820.5172729492188,
        -820.5228881835938,
        -820.5363159179688,
        -820.4851684570312,
        -820.4945678710938,
        -820.5125122070312,
        -820.4795532226562,
        -820.4800415039062,
        -820.4481811523438,
        -820.5287475585938,
        -820.5258178710938,
        -820.5255737304688,
        -820.4998168945312,
        -820.5033569335938,
        -820.4940795898438,
        -820.5220336914062,
        -820.5265502929688,
        -820.5105590820312,
        -820.5347290039062,
        -820.5127563476562,
        -820.5186157226562,
        -820.5278930664062,
        -820.5385131835938,
        -820.5009155273438,
        -820.5128784179688,
        -820.5415649414062,
        -820.4524536132812,
        -820.5245971679688,
        -820.5126342773438,
        -820.4844360351562,
        -820.5299682617188,
        -820.4950561523438,
        -820.4771118164062,
        -820.5075073242188,
        -820.5243530273438,
        -820.5296020507812,
        -820.5003051757812,
        -820.4717407226562,
        -820.4859008789062,
        -820.4909057617188,
        -820.5137329101562,
        -820.4556274414062,
        -820.5045776367188,
        -820.5033569335938,
        -820.5200805664062,
        -820.5292358398438,
        -820.4965209960938,
        -820.5507202148438,
        -820.5014038085938,
        -820.5476684570312,
        -820.5861206054688,
        -820.5060424804688,
        -820.5289916992188,
        -820.5011596679688,
        -820.4890747070312,
        -820.5669555664062,
        -820.5116577148438,
        -820.4801635742188,
        -820.4929809570312,
        -820.5419311523438,
