{
    "lengthscale": 1.167365550994873,
    "outputscale": 27.673250198364258,
    "noise": 0.14416202902793884,
    "marginal_likelihood_loss_history": [
        11510.44140625,
        10893.8798828125,
        10309.09375,
        9754.236328125,
        9227.654296875,
        8727.7548828125,
        8253.783203125,
        7803.94580078125,
        7377.68896484375,
        6973.10546875,
        6589.66748046875,
        6226.48583984375,
        5882.15185546875,
        5556.29736328125,
        5247.5791015625,
        4955.533203125,
        4679.18994140625,
        4418.166015625,
        4171.0625,
        3937.7333984375,
        3717.18212890625,
        3509.08984375,
        3312.58056640625,
        3127.1865234375,
        2952.3330078125,
        2787.32763671875,
        2631.75634765625,
        2485.2060546875,
        2347.02978515625,
        2216.81884765625,
        2094.205078125,
        1978.5509033203125,
        1869.7052001953125,
        1767.1778564453125,
        1670.6329345703125,
        1579.6036376953125,
        1493.8626708984375,
        1413.1502685546875,
        1337.0467529296875,
        1265.3712158203125,
        1197.7843017578125,
        1134.0426025390625,
        1073.8497314453125,
        1017.1187744140625,
        963.4573974609375,
        912.7154541015625,
        864.6878662109375,
        819.1583251953125,
        775.9654541015625,
        734.9149169921875,
        695.833984375,
        658.5374755859375,
        622.9249267578125,
        588.7996826171875,
        556.05126953125,
        524.57470703125,
        494.3096923828125,
        465.0400390625,
        436.801513671875,
        409.4876708984375,
        383.0220947265625,
        357.369384765625,
        332.4500732421875,
        308.218017578125,
        284.6851806640625,
        261.7879638671875,
        239.5196533203125,
        217.806884765625,
        196.739501953125,
        176.0909423828125,
        156.0679931640625,
        136.4598388671875,
        117.4757080078125,
        98.937255859375,
        80.7081298828125,
        63.1732177734375,
        46.0042724609375,
        29.3028564453125,
        13.0157470703125,
        -2.69921875,
        -18.0289306640625,
        -32.884033203125,
        -47.2288818359375,
        -61.488525390625,
        -75.0118408203125,
        -88.2476806640625,
        -101.3082275390625,
        -113.52001953125,
        -125.589599609375,
        -137.4840087890625,
        -149.0379638671875,
        -160.2279052734375,
        -171.3338623046875,
        -182.0001220703125,
        -192.6807861328125,
        -202.9366455078125,
        -212.7725830078125,
        -222.7384033203125,
        -232.162841796875,
        -241.9725341796875,
        -251.26513671875,
        -259.853271484375,
        -269.1380615234375,
        -277.6680908203125,
        -286.118896484375,
        -293.8394775390625,
        -301.9508056640625,
        -309.48681640625,
        -316.9346923828125,
        -324.4063720703125,
        -331.8087158203125,
        -338.7259521484375,
        -346.0228271484375,
        -352.7969970703125,
        -359.2010498046875,
        -365.4842529296875,
        -372.1143798828125,
        -378.2984619140625,
        -384.3616943359375,
        -390.4154052734375,
        -396.2164306640625,
        -401.6553955078125,
        -407.563232421875,
        -412.6875,
        -418.5181884765625,
        -424.1192626953125,
        -428.7183837890625,
        -433.8179931640625,
        -439.4442138671875,
        -443.7847900390625,
        -448.255126953125,
        -453.01904296875,
        -457.2064208984375,
        -462.4195556640625,
        -465.9078369140625,
        -470.6181640625,
        -474.2454833984375,
        -479.2965087890625,
        -482.309326171875,
        -486.6337890625,
        -490.847412109375,
        -494.4588623046875,
        -498.1370849609375,
        -501.584716796875,
        -506.327880859375,
        -509.5953369140625,
        -512.4075927734375,
        -515.8583984375,
        -518.5228271484375,
        -523.1448974609375,
        -525.37744140625,
        -529.375244140625,
        -531.6614990234375,
        -535.6556396484375,
        -538.5252685546875,
        -540.5504150390625,
        -543.2777099609375,
        -547.0994873046875,
        -549.49072265625,
        -551.4603271484375,
        -553.9715576171875,
        -556.94775390625,
        -557.9102783203125,
        -560.96484375,
        -562.9827880859375,
        -567.7386474609375,
        -569.1712646484375,
        -570.8095703125,
        -571.4154052734375,
        -576.6690673828125,
        -578.052490234375,
        -580.2401123046875,
        -580.40087890625,
        -584.80859375,
        -585.450927734375,
        -586.980712890625,
        -589.9005126953125,
        -590.8114013671875,
        -593.3604736328125,
        -594.24951171875,
        -594.952880859375,
        -598.7391357421875,
        -601.7120361328125,
        -602.1214599609375,
        -602.1932373046875,
        -603.6448974609375,
        -608.3023681640625,
        -607.6988525390625,
        -609.2564697265625,
        -614.02294921875,
        -614.2301025390625,
        -613.707275390625,
        -614.806640625,
        -616.5665283203125,
        -617.2576904296875,
        -620.1131591796875,
        -619.5372314453125,
        -625.3675537109375,
        -623.2327880859375,
        -625.4117431640625,
        -627.8067626953125,
        -625.8095703125,
        -629.4306640625,
        -628.6807861328125,
        -635.1856689453125,
        -631.0467529296875,
        -631.082763671875,
        -629.7598876953125,
        -634.267578125,
        -633.3197021484375,
        -632.3963623046875,
        -640.7069091796875,
        -631.1363525390625,
        -638.7689208984375,
        -636.7447509765625,
        -638.78955078125,
        -643.7196044921875,
        -637.3455810546875,
        -643.7274169921875,
        -636.276123046875,
        -640.9381103515625,
        -644.95556640625,
        -650.8482666015625,
        -646.571044921875,
        -643.0133056640625,
        -641.5394287109375,
        -645.966064453125,
        -641.853515625,
        -649.951171875,
        -642.2520751953125,
        -651.783935546875,
        -644.739013671875,
        -646.8131103515625,
        -650.2154541015625,
        -648.2193603515625,
        -649.9569091796875,
        -644.74609375,
        -653.9969482421875,
        -642.868408203125,
        -645.3680419921875,
        -645.402587890625,
        -645.0938720703125,
        -655.6959228515625,
        -648.3748779296875,
        -650.8172607421875,
        -647.063720703125,
        -646.44384765625,
        -656.01904296875,
        -648.6607666015625,
        -650.1226806640625,
        -642.4564208984375,
        -653.35546875,
        -644.7366943359375,
        -631.4940185546875,
        -646.264404296875,
        -645.956787109375,
        -640.1312255859375,
        -642.6807861328125,
        -648.1597900390625,
        -635.2230224609375,
        -641.3114013671875,
        -643.8067626953125,
        -647.0396728515625,
        -626.33984375,
        -630.6285400390625,
        -630.2825927734375,
        -640.1317138671875,
        -632.2200927734375,
        -627.7841796875,
        -629.571044921875,
        -631.520751953125,
        -629.4189453125,
        -627.4241943359375,
        -631.2908935546875,
        -622.0953369140625,
        -625.027099609375,
        -619.13671875,
        -622.4844970703125,
        -631.8385009765625,
        -615.0706787109375,
        -622.1112060546875,
        -629.8326416015625,
        -616.6846923828125,
        -624.858154296875,
        -622.2135009765625,
        -619.42626953125,
        -616.36962890625,
        -617.1956787109375,
        -617.11962890625,
        -620.45361328125,
        -632.9427490234375,
