{
    "lengthscale": 1.17327880859375,
    "outputscale": 27.04893684387207,
    "noise": 0.14059945940971375,
    "marginal_likelihood_loss_history": [
        11760.30859375,
        11128.93359375,
        10528.6669921875,
        9958.1123046875,
        9416.0419921875,
        8900.55078125,
        8411.306640625,
        7946.87060546875,
        7506.22119140625,
        7087.955078125,
        6691.4658203125,
        6315.76513671875,
        5959.78662109375,
        5622.47802734375,
        5303.68017578125,
        5002.03857421875,
        4716.91357421875,
        4447.65283203125,
        4193.25537109375,
        3953.240234375,
        3726.955078125,
        3513.4833984375,
        3312.31640625,
        3122.9140625,
        2944.37646484375,
        2776.5009765625,
        2618.3544921875,
        2469.7041015625,
        2329.8955078125,
        2198.35498046875,
        2074.7861328125,
        1958.6365966796875,
        1849.4161376953125,
        1746.7364501953125,
        1650.2862548828125,
        1559.7015380859375,
        1474.4195556640625,
        1394.3546142578125,
        1319.0413818359375,
        1248.2808837890625,
        1181.6434326171875,
        1118.9952392578125,
        1059.9520263671875,
        1004.2945556640625,
        951.8189697265625,
        902.3209228515625,
        855.49072265625,
        811.23095703125,
        769.17724609375,
        729.309326171875,
        691.3729248046875,
        655.1456298828125,
        620.62353515625,
        587.43505859375,
        555.62548828125,
        525.0443115234375,
        495.53564453125,
        466.9962158203125,
        439.4393310546875,
        412.6912841796875,
        386.73095703125,
        361.4935302734375,
        336.9478759765625,
        313.052001953125,
        289.7904052734375,
        267.0621337890625,
        245.0352783203125,
        223.493408203125,
        202.5157470703125,
        182.037841796875,
        162.1728515625,
        142.6739501953125,
        123.7109375,
        105.30810546875,
        87.3900146484375,
        69.7779541015625,
        52.871826171875,
        36.4246826171875,
        20.359619140625,
        4.854736328125,
        -10.2449951171875,
        -24.8775634765625,
        -39.1322021484375,
        -53.0068359375,
        -66.2568359375,
        -79.2647705078125,
        -91.76904296875,
        -103.9688720703125,
        -115.804443359375,
        -127.4022216796875,
        -138.4539794921875,
        -149.3226318359375,
        -159.8526611328125,
        -170.2608642578125,
        -180.786376953125,
        -190.9183349609375,
        -200.5299072265625,
        -210.1163330078125,
        -219.5140380859375,
        -228.571044921875,
        -237.6195068359375,
        -246.4532470703125,
        -255.2686767578125,
        -263.361572265625,
        -271.4571533203125,
        -279.5684814453125,
        -287.2423095703125,
        -294.6844482421875,
        -302.4271240234375,
        -309.5772705078125,
        -316.357177734375,
        -323.512451171875,
        -329.9952392578125,
        -336.6416015625,
        -343.1495361328125,
        -349.1285400390625,
        -355.2978515625,
        -361.5430908203125,
        -367.23193359375,
        -373.1348876953125,
        -378.7674560546875,
        -384.4786376953125,
        -389.959228515625,
        -395.0711669921875,
        -399.7747802734375,
        -405.1048583984375,
        -410.0623779296875,
        -414.7623291015625,
        -419.9300537109375,
        -424.4033203125,
        -429.324951171875,
        -433.8319091796875,
        -437.618896484375,
        -441.809326171875,
        -446.34521484375,
        -450.607177734375,
        -454.637939453125,
        -458.608642578125,
        -461.9254150390625,
        -465.9881591796875,
        -468.79248046875,
        -473.2613525390625,
        -476.59814453125,
        -480.2691650390625,
        -484.2161865234375,
        -486.0963134765625,
        -490.3231201171875,
        -493.4012451171875,
        -496.5003662109375,
        -499.5599365234375,
        -502.9041748046875,
        -505.58203125,
        -508.1929931640625,
        -511.390869140625,
        -515.328857421875,
        -516.2388916015625,
        -518.4588623046875,
        -521.6072998046875,
        -525.484375,
        -528.3541259765625,
        -530.2603759765625,
        -531.20849609375,
        -533.5147705078125,
        -536.4810791015625,
        -539.7276611328125,
        -540.2264404296875,
        -542.8759765625,
        -545.77734375,
        -549.4002685546875,
        -548.4222412109375,
        -552.6387939453125,
        -554.477294921875,
        -555.141357421875,
        -559.65478515625,
        -561.0889892578125,
        -562.177490234375,
        -563.363525390625,
        -566.751220703125,
        -569.0118408203125,
        -568.0859375,
        -570.1361083984375,
        -574.0015869140625,
        -575.4202880859375,
        -576.2230224609375,
        -576.4197998046875,
        -577.349609375,
        -579.2183837890625,
        -582.1268310546875,
        -583.32763671875,
        -583.1182861328125,
        -587.254150390625,
        -586.6654052734375,
        -586.60009765625,
        -589.2952880859375,
        -591.6229248046875,
        -593.6993408203125,
        -594.484619140625,
        -593.8336181640625,
        -594.93408203125,
        -598.0792236328125,
        -596.9249267578125,
        -599.4111328125,
        -599.3309326171875,
        -596.9998779296875,
        -599.9171142578125,
        -601.9376220703125,
        -603.1715087890625,
        -604.6605224609375,
        -608.195068359375,
        -603.9190673828125,
        -611.0333251953125,
        -611.50390625,
        -606.15673828125,
        -615.590087890625,
        -609.6341552734375,
        -609.937255859375,
        -612.937744140625,
        -617.871826171875,
        -613.9599609375,
        -606.8309326171875,
        -612.2449951171875,
        -614.7445068359375,
        -610.5111083984375,
        -613.925537109375,
        -615.6654052734375,
        -611.0860595703125,
        -611.466064453125,
        -604.2239990234375,
        -615.74853515625,
        -619.5518798828125,
        -607.86474609375,
        -609.9212646484375,
        -609.20751953125,
        -625.6416015625,
        -612.4161376953125,
        -610.53955078125,
        -619.7186279296875,
        -615.1844482421875,
        -611.6773681640625,
        -609.7791748046875,
        -617.408935546875,
        -610.3472900390625,
        -609.280517578125,
        -612.9111328125,
        -613.7178955078125,
        -620.0679931640625,
        -615.844482421875,
        -615.260498046875,
        -617.342529296875,
        -616.9095458984375,
        -613.8031005859375,
        -613.80810546875,
        -611.8282470703125,
        -613.7618408203125,
        -617.1097412109375,
        -619.3990478515625,
        -612.5657958984375,
        -616.953369140625,
        -621.2021484375,
        -614.042236328125,
        -602.0545654296875,
        -597.9263916015625,
        -616.7764892578125,
        -616.7330322265625,
        -603.8271484375,
        -617.5811767578125,
        -592.783447265625,
        -616.6058349609375,
        -595.9638671875,
        -610.174072265625,
        -602.1480712890625,
        -596.3604736328125,
        -605.5340576171875,
        -596.4366455078125,
        -611.560791015625,
        -593.97509765625,
        -600.0421142578125,
        -608.991943359375,
        -594.4989013671875,
        -601.6280517578125,
        -588.3509521484375,
        -587.6759033203125,
        -597.4627685546875,
        -602.9520263671875,
        -600.16357421875,
        -603.4248046875,
        -586.330810546875,
        -592.3011474609375,
        -588.393310546875,
        -587.99072265625,
        -601.8895263671875,
        -600.7064208984375,
