{
    "lengthscale": 1.1470998525619507,
    "outputscale": 26.249488830566406,
    "noise": 0.13733413815498352,
    "marginal_likelihood_loss_history": [
        11702.900390625,
        11073.716796875,
        10477.193359375,
        9910.197265625,
        9372.3056640625,
        8861.55078125,
        8377.4326171875,
        7917.9169921875,
        7482.0595703125,
        7069.23779296875,
        6677.96435546875,
        6307.44677734375,
        5956.57373046875,
        5624.52685546875,
        5310.43994140625,
        5013.39013671875,
        4732.6904296875,
        4467.38232421875,
        4216.787109375,
        3980.31640625,
        3757.1669921875,
        3546.705078125,
        3348.09814453125,
        3160.9150390625,
        2984.66259765625,
        2818.390625,
        2661.94921875,
        2514.5087890625,
        2375.6962890625,
        2245.05810546875,
        2122.05810546875,
        2006.2911376953125,
        1897.2066650390625,
        1794.6231689453125,
        1698.0093994140625,
        1607.0699462890625,
        1521.5159912109375,
        1440.8865966796875,
        1364.9254150390625,
        1293.4483642578125,
        1226.0728759765625,
        1162.4725341796875,
        1102.5443115234375,
        1045.9449462890625,
        992.5350341796875,
        941.9737548828125,
        894.1419677734375,
        848.825439453125,
        805.8187255859375,
        764.8572998046875,
        725.9273681640625,
        688.686767578125,
        653.0982666015625,
        619.028076171875,
        586.2724609375,
        554.7545166015625,
        524.316162109375,
        494.9583740234375,
        466.5111083984375,
        438.9422607421875,
        412.1883544921875,
        386.2183837890625,
        360.951171875,
        336.33203125,
        312.4110107421875,
        289.1214599609375,
        266.3294677734375,
        244.1375732421875,
        222.565185546875,
        201.5023193359375,
        180.9317626953125,
        160.82861328125,
        141.41064453125,
        122.3271484375,
        103.84130859375,
        85.715576171875,
        68.1480712890625,
        51.0770263671875,
        34.42041015625,
        18.1688232421875,
        2.4434814453125,
        -12.6646728515625,
        -27.568115234375,
        -41.8011474609375,
        -55.7791748046875,
        -69.0364990234375,
        -82.05224609375,
        -94.802001953125,
        -106.9312744140625,
        -118.9322509765625,
        -130.3037109375,
        -141.755859375,
        -152.625,
        -163.3162841796875,
        -173.66552734375,
        -183.4361572265625,
        -193.3580322265625,
        -203.3734130859375,
        -212.5718994140625,
        -221.672119140625,
        -231.1158447265625,
        -239.7589111328125,
        -248.5509033203125,
        -257.0877685546875,
        -265.5472412109375,
        -273.4757080078125,
        -281.357421875,
        -288.9827880859375,
        -296.3314208984375,
        -303.8250732421875,
        -310.988525390625,
        -318.0635986328125,
        -324.5364990234375,
        -331.1800537109375,
        -337.6212158203125,
        -344.105224609375,
        -350.4598388671875,
        -356.3720703125,
        -362.748779296875,
        -368.1376953125,
        -373.7655029296875,
        -379.800048828125,
        -384.2562255859375,
        -390.5458984375,
        -395.7025146484375,
        -400.8311767578125,
        -405.8792724609375,
        -410.624267578125,
        -414.8089599609375,
        -419.4012451171875,
        -424.5662841796875,
        -428.9366455078125,
        -433.5240478515625,
        -437.049560546875,
        -441.890869140625,
        -446.0238037109375,
        -449.7427978515625,
        -453.4547119140625,
        -457.743896484375,
        -461.7476806640625,
        -465.1148681640625,
        -468.3955078125,
        -472.3250732421875,
        -475.8974609375,
        -479.0263671875,
        -482.9688720703125,
        -484.5966796875,
        -488.295654296875,
        -491.5714111328125,
        -494.8853759765625,
        -498.1485595703125,
        -501.7218017578125,
        -503.9771728515625,
        -507.6885986328125,
        -509.9984130859375,
        -511.503173828125,
        -514.420166015625,
        -516.85595703125,
        -519.7105712890625,
        -521.0968017578125,
        -525.460693359375,
        -528.164794921875,
        -529.4774169921875,
        -533.0732421875,
        -534.751953125,
        -535.2557373046875,
        -536.8387451171875,
        -542.9244384765625,
        -542.6690673828125,
        -545.2718505859375,
        -544.5987548828125,
        -547.530517578125,
        -550.517333984375,
        -551.1373291015625,
        -555.3155517578125,
        -557.6614990234375,
        -558.3104248046875,
        -558.2999267578125,
        -560.9666748046875,
        -562.7286376953125,
        -563.4283447265625,
        -566.454833984375,
        -568.6641845703125,
        -569.2196044921875,
        -570.5540771484375,
        -573.853759765625,
        -575.0509033203125,
        -575.1859130859375,
        -572.2442626953125,
        -574.2747802734375,
        -578.762939453125,
        -579.3841552734375,
        -580.5355224609375,
        -578.9764404296875,
        -581.5057373046875,
        -588.6451416015625,
        -590.282470703125,
        -587.6390380859375,
        -587.3565673828125,
        -589.909912109375,
        -591.9263916015625,
        -591.8358154296875,
        -593.5609130859375,
        -591.8502197265625,
        -590.5340576171875,
        -595.9337158203125,
        -594.8612060546875,
        -598.3037109375,
        -596.7122802734375,
        -597.6148681640625,
        -603.18994140625,
        -601.9747314453125,
        -599.781494140625,
        -603.6207275390625,
        -605.240234375,
        -605.4111328125,
        -609.0399169921875,
        -607.96533203125,
        -608.9954833984375,
        -606.5882568359375,
        -599.6593017578125,
        -613.433349609375,
        -605.9365234375,
        -608.4742431640625,
        -612.2437744140625,
        -609.9168701171875,
        -609.7933349609375,
        -612.6282958984375,
        -607.4603271484375,
        -601.3065185546875,
        -606.9111328125,
        -605.0618896484375,
        -612.150634765625,
        -616.2269287109375,
        -613.757568359375,
        -612.8328857421875,
        -615.9139404296875,
        -608.69140625,
        -611.723876953125,
        -606.248291015625,
        -612.81103515625,
        -617.6871337890625,
        -618.90966796875,
        -607.9178466796875,
        -608.2955322265625,
        -611.4393310546875,
        -619.3262939453125,
        -607.2552490234375,
        -616.61328125,
        -611.608642578125,
        -610.2283935546875,
        -607.376708984375,
        -609.9664306640625,
        -613.0479736328125,
        -620.747314453125,
        -606.2657470703125,
        -620.058349609375,
        -615.6444091796875,
        -609.896240234375,
        -595.0540771484375,
        -609.3675537109375,
        -599.4796142578125,
        -609.2730712890625,
        -600.133056640625,
        -610.3551025390625,
        -596.215576171875,
        -596.2686767578125,
        -608.3902587890625,
        -603.9176025390625,
        -606.5355224609375,
        -590.2247314453125,
        -603.0982666015625,
        -597.1478271484375,
        -591.1885986328125,
        -592.9996337890625,
        -587.3961181640625,
        -593.039306640625,
        -598.5924072265625,
        -589.06640625,
        -573.3387451171875,
        -576.13037109375,
        -591.5228271484375,
        -588.13232421875,
        -580.5997314453125,
        -580.29345703125,
        -587.0928955078125,
        -571.6427001953125,
        -564.6588134765625,
        -582.3641357421875,
        -571.167724609375,
        -601.3486328125,
