{
    "lengthscale": 1.1650140285491943,
    "outputscale": 26.604299545288086,
    "noise": 0.135853573679924,
    "marginal_likelihood_loss_history": [
        11660.849609375,
        11023.025390625,
        10418.1162109375,
        9843.7021484375,
        9298.783203125,
        8781.7255859375,
        8291.7705078125,
        7826.89697265625,
        7386.35888671875,
        6969.21435546875,
        6574.15771484375,
        6200.29345703125,
        5846.6142578125,
        5512.00634765625,
        5195.9697265625,
        4897.287109375,
        4615.2392578125,
        4349.12060546875,
        4098.1337890625,
        3861.4853515625,
        3638.52880859375,
        3428.4140625,
        3230.63671875,
        3044.36572265625,
        2869.32421875,
        2704.58935546875,
        2549.6474609375,
        2404.07080078125,
        2267.19384765625,
        2138.61865234375,
        2017.8096923828125,
        1904.2742919921875,
        1797.6617431640625,
        1697.5333251953125,
        1603.3673095703125,
        1514.9534912109375,
        1431.8292236328125,
        1353.7222900390625,
        1280.2471923828125,
        1211.0899658203125,
        1146.0006103515625,
        1084.7176513671875,
        1026.9212646484375,
        972.3575439453125,
        920.7762451171875,
        872.0179443359375,
        825.76318359375,
        781.8243408203125,
        740.0074462890625,
        700.1319580078125,
        661.9989013671875,
        625.5155029296875,
        590.406494140625,
        556.5880126953125,
        523.9942626953125,
        492.4578857421875,
        461.93310546875,
        432.31982421875,
        403.5675048828125,
        375.6337890625,
        348.4617919921875,
        322.0218505859375,
        296.271484375,
        271.22900390625,
        246.8922119140625,
        223.1915283203125,
        200.1571044921875,
        177.7904052734375,
        155.9227294921875,
        134.7783203125,
        114.2281494140625,
        94.26318359375,
        74.840576171875,
        56.0692138671875,
        37.829345703125,
        19.9984130859375,
        2.9493408203125,
        -13.788818359375,
        -29.779541015625,
        -45.4573974609375,
        -60.5826416015625,
        -75.1868896484375,
        -89.412353515625,
        -103.1187744140625,
        -116.462890625,
        -129.2869873046875,
        -141.82177734375,
        -153.924560546875,
        -165.8306884765625,
        -177.008544921875,
        -187.8697509765625,
        -198.9705810546875,
        -209.336181640625,
        -219.8470458984375,
        -229.82275390625,
        -239.8900146484375,
        -249.3956298828125,
        -258.93896484375,
        -268.1885986328125,
        -277.333984375,
        -286.0689697265625,
        -294.7337646484375,
        -303.1724853515625,
        -311.7117919921875,
        -319.1956787109375,
        -327.4107666015625,
        -335.178955078125,
        -342.4180908203125,
        -349.6986083984375,
        -356.841064453125,
        -363.7135009765625,
        -370.319091796875,
        -377.039306640625,
        -383.1573486328125,
        -389.914794921875,
        -395.6676025390625,
        -401.5067138671875,
        -408.0106201171875,
        -413.480224609375,
        -419.0997314453125,
        -425.104248046875,
        -429.5130615234375,
        -434.9012451171875,
        -440.309814453125,
        -445.2371826171875,
        -450.0272216796875,
        -454.8712158203125,
        -459.5654296875,
        -464.4161376953125,
        -469.0601806640625,
        -473.214111328125,
        -477.1341552734375,
        -482.6810302734375,
        -485.6356201171875,
        -489.9586181640625,
        -494.2181396484375,
        -498.1561279296875,
        -502.2620849609375,
        -505.7105712890625,
        -508.511474609375,
        -512.046875,
        -515.6895751953125,
        -519.5657958984375,
        -522.8326416015625,
        -526.0576171875,
        -528.6529541015625,
        -533.14599609375,
        -535.023193359375,
        -539.359130859375,
        -541.076416015625,
        -544.395263671875,
        -547.0958251953125,
        -551.1038818359375,
        -554.0528564453125,
        -556.9339599609375,
        -558.6956787109375,
        -560.7122802734375,
        -563.4852294921875,
        -564.0679931640625,
        -568.8192138671875,
        -570.6265869140625,
        -573.2647705078125,
        -573.91357421875,
        -577.7889404296875,
        -579.936279296875,
        -582.11865234375,
        -583.90234375,
        -585.343505859375,
        -587.9151611328125,
        -592.1129150390625,
        -591.1014404296875,
        -593.8814697265625,
        -594.4803466796875,
        -595.3013916015625,
        -600.29443359375,
        -600.8262939453125,
        -602.5452880859375,
        -603.1871337890625,
        -607.6256103515625,
        -608.313720703125,
        -609.0430908203125,
        -612.8634033203125,
        -611.871826171875,
        -613.0228271484375,
        -614.8289794921875,
        -618.87353515625,
        -616.792236328125,
        -620.8553466796875,
        -623.9530029296875,
        -621.1202392578125,
        -621.281982421875,
        -623.2135009765625,
        -627.0556640625,
        -625.371826171875,
        -631.1954345703125,
        -631.5140380859375,
        -631.0142822265625,
        -632.156494140625,
        -631.3323974609375,
        -633.875244140625,
        -633.6343994140625,
        -634.071044921875,
        -641.1123046875,
        -639.0408935546875,
        -638.5067138671875,
        -638.34326171875,
        -642.2755126953125,
        -642.8070068359375,
        -641.5133056640625,
        -643.0455322265625,
        -644.2601318359375,
        -646.5062255859375,
        -641.69482421875,
        -648.4964599609375,
        -648.17138671875,
        -648.9923095703125,
        -649.8753662109375,
        -650.8720703125,
        -653.8406982421875,
        -648.5556640625,
        -650.5052490234375,
        -651.0594482421875,
        -652.579345703125,
        -648.2652587890625,
        -654.8865966796875,
        -651.2579345703125,
        -650.2216796875,
        -648.400634765625,
        -657.9754638671875,
        -656.296875,
        -654.2869873046875,
        -643.9493408203125,
        -651.36572265625,
        -658.47607421875,
        -654.908935546875,
        -650.4482421875,
        -643.7569580078125,
        -651.750244140625,
        -649.8751220703125,
        -650.677490234375,
        -652.440185546875,
        -653.4556884765625,
        -649.3944091796875,
        -645.7645263671875,
        -640.732177734375,
        -649.9781494140625,
        -654.48193359375,
        -643.251953125,
        -652.3509521484375,
        -651.8250732421875,
        -649.09912109375,
        -651.0028076171875,
        -646.066162109375,
        -642.4097900390625,
        -646.968017578125,
        -653.487548828125,
        -639.4644775390625,
        -642.180419921875,
        -635.31640625,
        -645.2760009765625,
        -647.466064453125,
        -639.248291015625,
        -625.31396484375,
        -630.0531005859375,
        -635.0994873046875,
        -633.6904296875,
        -633.3555908203125,
        -642.1055908203125,
        -645.978271484375,
        -631.2559814453125,
        -637.4755859375,
        -624.2281494140625,
        -638.8807373046875,
        -631.822265625,
        -636.6751708984375,
        -639.9658203125,
        -621.349609375,
        -624.8966064453125,
        -640.3770751953125,
        -637.499267578125,
        -618.63134765625,
        -631.7955322265625,
        -624.291748046875,
        -628.0423583984375,
        -631.273681640625,
        -647.5059814453125,
        -636.1708984375,
        -623.8985595703125,
        -627.01416015625,
        -624.4329833984375,
        -635.5203857421875,
