{
    "lengthscale": 1.1618937253952026,
    "outputscale": 26.179683685302734,
    "noise": 0.13458998501300812,
    "marginal_likelihood_loss_history": [
        11615.8125,
        10994.64453125,
        10404.380859375,
        9843.5625,
        9311.6513671875,
        8806.6044921875,
        8326.5068359375,
        7871.0546875,
        7439.4873046875,
        7029.60888671875,
        6641.37255859375,
        6273.20166015625,
        5924.65966796875,
        5594.4912109375,
        5282.0341796875,
        4986.28271484375,
        4706.69580078125,
        4442.60302734375,
        4192.974609375,
        3957.29638671875,
        3734.6611328125,
        3524.77392578125,
        3326.5703125,
        3139.7998046875,
        2963.7373046875,
        2797.7841796875,
        2641.43505859375,
        2494.083984375,
        2355.3486328125,
        2224.6796875,
        2101.6044921875,
        1985.8135986328125,
        1876.6876220703125,
        1773.9647216796875,
        1677.1602783203125,
        1586.0972900390625,
        1500.2999267578125,
        1419.4947509765625,
        1343.3641357421875,
        1271.6060791015625,
        1203.9171142578125,
        1140.1160888671875,
        1079.9281005859375,
        1023.0079345703125,
        969.2078857421875,
        918.3807373046875,
        870.1959228515625,
        824.4891357421875,
        781.1068115234375,
        739.8055419921875,
        700.4407958984375,
        662.8773193359375,
        626.8714599609375,
        592.4644775390625,
        559.3648681640625,
        527.488037109375,
        496.8096923828125,
        467.177978515625,
        438.5899658203125,
        410.9156494140625,
        384.0128173828125,
        357.9573974609375,
        332.771728515625,
        308.2659912109375,
        284.410400390625,
        261.2425537109375,
        238.7279052734375,
        216.790771484375,
        195.4505615234375,
        174.62109375,
        154.4317626953125,
        134.730224609375,
        115.5059814453125,
        96.783203125,
        78.5926513671875,
        60.93115234375,
        43.615966796875,
        26.8258056640625,
        10.5274658203125,
        -5.3206787109375,
        -20.7811279296875,
        -35.707275390625,
        -50.2603759765625,
        -64.4139404296875,
        -78.1207275390625,
        -91.482421875,
        -104.325927734375,
        -116.7869873046875,
        -128.937255859375,
        -140.8529052734375,
        -152.2952880859375,
        -163.3499755859375,
        -174.4725341796875,
        -185.07861328125,
        -195.332275390625,
        -205.83642578125,
        -215.3670654296875,
        -224.9962158203125,
        -234.73779296875,
        -243.8280029296875,
        -253.0660400390625,
        -261.9132080078125,
        -270.8616943359375,
        -279.0518798828125,
        -287.4659423828125,
        -294.7222900390625,
        -303.4161376953125,
        -310.7625732421875,
        -318.4212646484375,
        -325.45751953125,
        -332.818359375,
        -339.3209228515625,
        -346.4019775390625,
        -353.273681640625,
        -359.62353515625,
        -365.790283203125,
        -372.2281494140625,
        -378.481689453125,
        -383.9503173828125,
        -390.04296875,
        -395.740478515625,
        -401.7095947265625,
        -406.8857421875,
        -412.0709228515625,
        -416.9322509765625,
        -422.087890625,
        -427.2886962890625,
        -432.2755126953125,
        -436.86865234375,
        -441.465087890625,
        -445.9166259765625,
        -450.8343505859375,
        -454.872802734375,
        -459.3416748046875,
        -463.7760009765625,
        -467.4036865234375,
        -471.7391357421875,
        -474.8873291015625,
        -479.3609619140625,
        -482.945068359375,
        -487.1534423828125,
        -490.4693603515625,
        -494.1292724609375,
        -498.3382568359375,
        -501.0902099609375,
        -504.068115234375,
        -507.5523681640625,
        -512.087158203125,
        -513.787353515625,
        -516.596435546875,
        -520.4971923828125,
        -523.40869140625,
        -525.4951171875,
        -529.0926513671875,
        -531.2838134765625,
        -534.0694580078125,
        -537.408203125,
        -540.60107421875,
        -543.3233642578125,
        -545.4061279296875,
        -547.698486328125,
        -549.890380859375,
        -551.8690185546875,
        -555.0579833984375,
        -557.2479248046875,
        -559.3642578125,
        -560.2054443359375,
        -563.233154296875,
        -564.7591552734375,
        -565.40625,
        -569.3338623046875,
        -571.0711669921875,
        -573.9564208984375,
        -573.8974609375,
        -576.9466552734375,
        -578.0601806640625,
        -581.212646484375,
        -582.0106201171875,
        -584.4124755859375,
        -586.7978515625,
        -587.1258544921875,
        -589.0003662109375,
        -591.49462890625,
        -592.3704833984375,
        -593.358154296875,
        -596.4249267578125,
        -598.1353759765625,
        -599.959228515625,
        -598.5792236328125,
        -600.90234375,
        -603.560302734375,
        -604.8427734375,
        -607.228271484375,
        -606.38330078125,
        -608.3341064453125,
        -608.905029296875,
        -612.110107421875,
        -608.7730712890625,
        -610.2108154296875,
        -614.7374267578125,
        -619.8126220703125,
        -614.6793212890625,
        -617.759033203125,
        -621.75048828125,
        -619.1165771484375,
        -619.712158203125,
        -619.4886474609375,
        -624.42578125,
        -625.4005126953125,
        -621.0511474609375,
        -622.3192138671875,
        -627.7415771484375,
        -625.3831787109375,
        -626.8204345703125,
        -625.209716796875,
        -628.262451171875,
        -627.8175048828125,
        -632.652587890625,
        -631.3626708984375,
        -625.7347412109375,
        -627.4393310546875,
        -631.2261962890625,
        -634.666259765625,
        -632.6900634765625,
        -635.3355712890625,
        -639.8624267578125,
        -627.9283447265625,
        -632.3934326171875,
        -622.80517578125,
        -632.46240234375,
        -631.068359375,
        -635.9739990234375,
        -639.466064453125,
        -624.7125244140625,
        -632.4560546875,
        -625.893798828125,
        -633.9810791015625,
        -631.6693115234375,
        -625.17529296875,
        -625.1029052734375,
        -635.552490234375,
        -630.365234375,
        -632.9019775390625,
        -627.4415283203125,
        -628.4031982421875,
        -632.1239013671875,
        -630.0316162109375,
        -649.3531494140625,
        -632.1083984375,
        -629.1751708984375,
        -639.3134765625,
        -638.295166015625,
        -639.8858642578125,
        -626.8367919921875,
        -632.767822265625,
        -636.5965576171875,
        -630.0833740234375,
        -623.24072265625,
        -632.2288818359375,
        -629.2518310546875,
        -613.9427490234375,
        -624.5533447265625,
        -626.9619140625,
        -617.5504150390625,
        -611.5650634765625,
        -623.681396484375,
        -609.585205078125,
        -618.9638671875,
        -609.203857421875,
        -614.6531982421875,
        -611.8663330078125,
        -626.55517578125,
        -620.54150390625,
        -621.61328125,
        -621.8131103515625,
        -596.7362060546875,
        -612.2236328125,
        -613.134765625,
        -628.802734375,
        -613.08154296875,
        -604.548828125,
        -631.3857421875,
        -605.9193115234375,
        -607.708251953125,
        -598.5908203125,
        -613.42529296875,
        -605.4107666015625,
        -615.9176025390625,
        -600.1080322265625,
        -598.56884765625,
        -598.1715087890625,
        -603.08447265625,
        -614.186279296875,
