{
    "lengthscale": 1.1882771253585815,
    "outputscale": 28.824655532836914,
    "noise": 0.1463875025510788,
    "marginal_likelihood_loss_history": [
        11803.013671875,
        11169.96484375,
        10569.1796875,
        9998.189453125,
        9456.208984375,
        8941.7138671875,
        8453.15234375,
        7989.85791015625,
        7549.99169921875,
        7133.05224609375,
        6737.6728515625,
        6362.98193359375,
        6008.0859375,
        5672.12158203125,
        5354.1953125,
        5053.31884765625,
        4769.0078125,
        4500.10595703125,
        4246.0419921875,
        4006.33837890625,
        3780.0810546875,
        3566.74072265625,
        3365.31787109375,
        3175.4267578125,
        2996.53662109375,
        2827.98388671875,
        2669.28759765625,
        2519.810546875,
        2379.02734375,
        2246.5693359375,
        2121.771484375,
        2004.5164794921875,
        1894.0738525390625,
        1790.1541748046875,
        1692.3016357421875,
        1600.2506103515625,
        1513.5953369140625,
        1431.9659423828125,
        1355.1263427734375,
        1282.7364501953125,
        1214.5484619140625,
        1150.2591552734375,
        1089.6007080078125,
        1032.3048095703125,
        978.1961669921875,
        927.0133056640625,
        878.5606689453125,
        832.7095947265625,
        789.0548095703125,
        747.5953369140625,
        708.0902099609375,
        670.4222412109375,
        634.3731689453125,
        599.8643798828125,
        566.7315673828125,
        534.857666015625,
        504.2076416015625,
        474.6197509765625,
        446.0225830078125,
        418.4041748046875,
        391.6114501953125,
        365.7196044921875,
        340.5548095703125,
        316.1680908203125,
        292.5042724609375,
        269.4439697265625,
        247.040283203125,
        225.2921142578125,
        204.0782470703125,
        183.470458984375,
        163.348388671875,
        143.8121337890625,
        124.7979736328125,
        106.19189453125,
        88.1456298828125,
        70.6141357421875,
        53.4560546875,
        36.7774658203125,
        20.589111328125,
        4.7857666015625,
        -10.3878173828125,
        -25.3133544921875,
        -39.64892578125,
        -53.6959228515625,
        -67.2657470703125,
        -80.44287109375,
        -93.5391845703125,
        -105.8175048828125,
        -117.9586181640625,
        -129.6265869140625,
        -141.337158203125,
        -152.298095703125,
        -163.21826171875,
        -173.9302978515625,
        -184.6273193359375,
        -194.9234619140625,
        -205.0347900390625,
        -214.4298095703125,
        -224.3492431640625,
        -233.287841796875,
        -242.772705078125,
        -251.7144775390625,
        -260.420166015625,
        -268.943115234375,
        -277.060791015625,
        -285.20849609375,
        -293.246826171875,
        -300.9805908203125,
        -307.96533203125,
        -315.548095703125,
        -322.4654541015625,
        -329.5692138671875,
        -336.4847412109375,
        -343.0538330078125,
        -349.8092041015625,
        -356.2257080078125,
        -362.4656982421875,
        -368.5350341796875,
        -374.5120849609375,
        -380.8297119140625,
        -385.781005859375,
        -392.0135498046875,
        -397.635009765625,
        -402.715576171875,
        -407.6683349609375,
        -413.1453857421875,
        -418.7318115234375,
        -423.239013671875,
        -427.6197509765625,
        -432.677978515625,
        -437.368896484375,
        -442.3323974609375,
        -446.402099609375,
        -450.7447509765625,
        -455.245361328125,
        -460.2403564453125,
        -463.54150390625,
        -467.1658935546875,
        -471.2010498046875,
        -475.7493896484375,
        -479.1827392578125,
        -482.4244384765625,
        -486.1845703125,
        -489.8035888671875,
        -493.898193359375,
        -496.18701171875,
        -499.4925537109375,
        -503.2269287109375,
        -506.7828369140625,
        -508.1375732421875,
        -512.8507080078125,
        -515.8099365234375,
        -519.1217041015625,
        -522.0828857421875,
        -525.3956298828125,
        -528.486572265625,
        -532.306396484375,
        -532.9920654296875,
        -533.65234375,
        -539.4246826171875,
        -540.9110107421875,
        -542.9425048828125,
        -545.88330078125,
        -548.5128173828125,
        -549.123779296875,
        -553.2025146484375,
        -556.0484619140625,
        -560.5155029296875,
        -559.5823974609375,
        -562.490478515625,
        -564.4700927734375,
        -565.3699951171875,
        -567.293701171875,
        -570.83154296875,
        -571.965087890625,
        -573.9412841796875,
        -577.3990478515625,
        -579.4716796875,
        -581.2386474609375,
        -583.908203125,
        -582.1134033203125,
        -584.0245361328125,
        -586.1507568359375,
        -588.6890869140625,
        -591.224365234375,
        -590.1732177734375,
        -594.1265869140625,
        -597.4202880859375,
        -596.6468505859375,
        -598.4049072265625,
        -602.1033935546875,
        -600.3570556640625,
        -603.4755859375,
        -600.244873046875,
        -598.6285400390625,
        -606.3780517578125,
        -609.6671142578125,
        -609.4764404296875,
        -610.76171875,
        -608.72705078125,
        -614.381591796875,
        -615.7659912109375,
        -614.2847900390625,
        -611.0521240234375,
        -617.6690673828125,
        -619.7159423828125,
        -616.7818603515625,
        -616.1160888671875,
        -617.6884765625,
        -623.2889404296875,
        -623.3624267578125,
        -622.1400146484375,
        -626.060546875,
        -625.8258056640625,
        -631.2303466796875,
        -624.1380615234375,
        -621.1241455078125,
        -623.960693359375,
        -631.2010498046875,
        -619.1312255859375,
        -623.083740234375,
        -625.4798583984375,
        -625.43896484375,
        -626.0870361328125,
        -622.941650390625,
        -621.3350830078125,
        -629.2005615234375,
        -630.261962890625,
        -625.755859375,
        -620.61572265625,
        -627.0992431640625,
        -626.4984130859375,
        -628.8289794921875,
        -628.249267578125,
        -636.522705078125,
        -631.0030517578125,
        -635.4208984375,
        -637.7904052734375,
        -616.163330078125,
        -628.2861328125,
        -633.2916259765625,
        -635.118408203125,
        -638.3729248046875,
        -628.6029052734375,
        -640.0635986328125,
        -640.1673583984375,
        -633.6485595703125,
        -632.4603271484375,
        -630.8927001953125,
        -634.67822265625,
        -625.5909423828125,
        -628.2113037109375,
        -634.853759765625,
        -638.0537109375,
        -642.3109130859375,
        -636.0340576171875,
        -623.148193359375,
        -631.5252685546875,
        -627.068603515625,
        -621.1683349609375,
        -617.123291015625,
        -621.690673828125,
        -618.7764892578125,
        -619.8905029296875,
        -626.44384765625,
        -628.97314453125,
        -619.943359375,
        -613.892822265625,
        -601.968994140625,
        -625.21435546875,
        -630.6666259765625,
        -609.5389404296875,
        -614.7694091796875,
        -607.34814453125,
        -622.3260498046875,
        -616.9959716796875,
        -610.741943359375,
        -611.8406982421875,
        -621.6820068359375,
        -608.1649169921875,
        -604.394287109375,
        -598.5789794921875,
        -609.06640625,
        -598.5555419921875,
        -616.0233154296875,
        -613.3309326171875,
        -613.4554443359375,
        -597.21337890625,
        -604.4224853515625,
        -609.7330322265625,
