{
    "lengthscale": 1.1266485452651978,
    "outputscale": 24.57786750793457,
    "noise": 0.10718245804309845,
    "marginal_likelihood_loss_history": [
        11796.49609375,
        11165.61328125,
        10566.72265625,
        9997.890625,
        9457.486328125,
        8944.34765625,
        8457.1240234375,
        7994.73095703125,
        7555.92236328125,
        7139.8427734375,
        6745.23876953125,
        6371.30322265625,
        6016.95556640625,
        5681.52392578125,
        5364.0625,
        5063.65283203125,
        4779.66064453125,
        4511.1806640625,
        4257.58447265625,
        4018.13134765625,
        3792.07421875,
        3578.8037109375,
        3377.64404296875,
        3187.9892578125,
        3009.25390625,
        2840.875,
        2682.2509765625,
        2532.8505859375,
        2392.20458984375,
        2259.8056640625,
        2135.20556640625,
        2017.9229736328125,
        1907.5653076171875,
        1803.7208251953125,
        1705.9849853515625,
        1614.0401611328125,
        1527.4967041015625,
        1446.0386962890625,
        1369.3392333984375,
        1297.1365966796875,
        1229.1319580078125,
        1165.0352783203125,
        1104.6231689453125,
        1047.6134033203125,
        993.7779541015625,
        942.9073486328125,
        894.7899169921875,
        849.1800537109375,
        805.9251708984375,
        764.8170166015625,
        725.6971435546875,
        688.3671875,
        652.7044677734375,
        618.5404052734375,
        585.750244140625,
        554.257568359375,
        523.8834228515625,
        494.5999755859375,
        466.294921875,
        438.8909912109375,
        412.3367919921875,
        386.603759765625,
        361.6734619140625,
        337.391357421875,
        313.8011474609375,
        290.8724365234375,
        268.5765380859375,
        246.89794921875,
        225.7943115234375,
        205.2657470703125,
        185.3060302734375,
        165.8748779296875,
        146.986083984375,
        128.6141357421875,
        110.7266845703125,
        93.35400390625,
        76.4437255859375,
        60.0074462890625,
        44.0753173828125,
        28.5753173828125,
        13.548583984375,
        -1.0443115234375,
        -15.2015380859375,
        -28.97021484375,
        -42.3350830078125,
        -55.3388671875,
        -67.95751953125,
        -80.2401123046875,
        -92.2088623046875,
        -103.8690185546875,
        -115.2005615234375,
        -126.29296875,
        -137.1422119140625,
        -147.7777099609375,
        -158.2197265625,
        -168.4039306640625,
        -178.33740234375,
        -188.1014404296875,
        -197.4969482421875,
        -206.8165283203125,
        -215.9139404296875,
        -224.607666015625,
        -233.2847900390625,
        -241.7498779296875,
        -249.9871826171875,
        -257.9466552734375,
        -265.6905517578125,
        -273.3294677734375,
        -280.8114013671875,
        -288.0338134765625,
        -294.98779296875,
        -301.9241943359375,
        -308.7615966796875,
        -315.40087890625,
        -321.824462890625,
        -328.2083740234375,
        -334.4156494140625,
        -340.5047607421875,
        -346.45751953125,
        -352.1688232421875,
        -357.9156494140625,
        -363.4598388671875,
        -368.9642333984375,
        -374.0439453125,
        -379.4232177734375,
        -384.4334716796875,
        -389.4454345703125,
        -394.3843994140625,
        -399.0223388671875,
        -403.6287841796875,
        -408.3607177734375,
        -412.8997802734375,
        -417.2757568359375,
        -421.5225830078125,
        -425.4681396484375,
        -429.774169921875,
        -433.872802734375,
        -437.8204345703125,
        -441.819580078125,
        -445.5699462890625,
        -449.1468505859375,
        -453.0181884765625,
        -456.4342041015625,
        -459.7640380859375,
        -463.6317138671875,
        -466.7303466796875,
        -469.9525146484375,
        -473.4014892578125,
        -476.6131591796875,
        -479.5093994140625,
        -482.4605712890625,
        -485.7979736328125,
        -488.66552734375,
        -491.247314453125,
        -494.3778076171875,
        -496.8316650390625,
        -499.6802978515625,
        -502.4696044921875,
        -505.413330078125,
        -507.267333984375,
        -509.8043212890625,
        -512.4429931640625,
        -514.6004638671875,
        -517.0771484375,
        -519.1038818359375,
        -521.6253662109375,
        -524.2889404296875,
        -525.6785888671875,
        -528.4754638671875,
        -530.4041748046875,
        -532.2327880859375,
        -534.4844970703125,
        -536.36865234375,
        -538.3682861328125,
        -539.8433837890625,
        -542.178466796875,
        -544.4993896484375,
        -545.5992431640625,
        -547.2598876953125,
        -548.890625,
        -550.8182373046875,
        -552.853759765625,
        -554.5491943359375,
        -556.0108642578125,
        -557.5467529296875,
        -558.2481689453125,
        -559.9495849609375,
        -561.2847900390625,
        -562.8800048828125,
        -563.5413818359375,
        -565.8282470703125,
        -566.6861572265625,
        -568.0904541015625,
        -570.3592529296875,
        -571.52099609375,
        -571.9798583984375,
        -572.749755859375,
        -574.1741943359375,
        -576.143310546875,
        -576.9715576171875,
        -578.3485107421875,
        -579.6375732421875,
        -580.1405029296875,
        -582.1705322265625,
        -582.3980712890625,
        -583.6788330078125,
        -584.3577880859375,
        -585.5006103515625,
        -586.2252197265625,
        -587.0447998046875,
        -588.8807373046875,
        -589.3209228515625,
        -589.627685546875,
        -590.6446533203125,
        -590.841552734375,
        -592.8109130859375,
        -594.5084228515625,
        -594.7017822265625,
        -594.4610595703125,
        -594.7860107421875,
        -598.4395751953125,
        -597.6702880859375,
        -598.2860107421875,
        -596.9498291015625,
        -599.5367431640625,
        -599.656982421875,
        -599.4132080078125,
        -602.1427001953125,
        -599.97265625,
        -601.23828125,
        -601.7880859375,
        -602.2486572265625,
        -603.9989013671875,
        -602.8465576171875,
        -606.9251708984375,
        -606.147705078125,
        -604.0128173828125,
        -605.151123046875,
        -604.9046630859375,
        -605.5423583984375,
        -605.3446044921875,
        -606.339111328125,
        -607.0064697265625,
        -608.5318603515625,
        -609.9049072265625,
        -609.1048583984375,
        -605.7747802734375,
        -606.9710693359375,
        -608.8948974609375,
        -610.1353759765625,
        -610.5989990234375,
        -605.3165283203125,
        -610.4827880859375,
        -611.3232421875,
        -609.62939453125,
        -614.4019775390625,
        -610.3468017578125,
        -611.9197998046875,
        -607.6917724609375,
        -610.922607421875,
        -609.8900146484375,
        -609.201416015625,
        -613.1214599609375,
        -612.3321533203125,
        -611.568115234375,
        -609.1177978515625,
        -611.0584716796875,
        -612.06298828125,
        -608.9381103515625,
        -609.9388427734375,
        -611.536376953125,
        -612.1082763671875,
        -608.9755859375,
        -612.7672119140625,
        -610.158203125,
        -605.9774169921875,
        -606.7830810546875,
        -604.3392333984375,
        -608.36083984375,
        -607.9442138671875,
        -607.3079833984375,
        -611.0684814453125,
        -612.2918701171875,
        -612.37890625,
        -610.7529296875,
        -604.5101318359375,
        -611.3035888671875,
        -614.5865478515625,
        -606.9451904296875,
        -601.7996826171875,
