{
    "lengthscale": 1.172471523284912,
    "outputscale": 27.02857208251953,
    "noise": 0.13850252330303192,
    "marginal_likelihood_loss_history": [
        11627.4462890625,
        11011.486328125,
        10426.623046875,
        9871.00390625,
        9343.6142578125,
        8842.6865234375,
        8366.904296875,
        7915.427734375,
        7487.09423828125,
        7080.37109375,
        6694.49072265625,
        6328.72412109375,
        5981.68310546875,
        5653.13623046875,
        5341.57373046875,
        5046.70361328125,
        4767.69189453125,
        4503.46826171875,
        4253.54248046875,
        4017.28955078125,
        3794.119140625,
        3583.20947265625,
        3384.08154296875,
        3196.04541015625,
        3018.5576171875,
        2851.1806640625,
        2693.30078125,
        2544.46337890625,
        2404.18798828125,
        2271.8876953125,
        2147.279296875,
        2029.8177490234375,
        1919.1666259765625,
        1814.9517822265625,
        1716.7557373046875,
        1624.2706298828125,
        1537.1519775390625,
        1455.0545654296875,
        1377.6739501953125,
        1304.8194580078125,
        1236.1165771484375,
        1171.3055419921875,
        1110.1895751953125,
        1052.3531494140625,
        997.8443603515625,
        946.2584228515625,
        897.4300537109375,
        851.1427001953125,
        807.1815185546875,
        765.481201171875,
        725.7479248046875,
        687.8367919921875,
        651.6549072265625,
        617.0047607421875,
        583.78271484375,
        551.8748779296875,
        521.12353515625,
        491.5482177734375,
        462.89453125,
        435.292724609375,
        408.4837646484375,
        382.5504150390625,
        357.4005126953125,
        332.9437255859375,
        309.1756591796875,
        286.0931396484375,
        263.5904541015625,
        241.702392578125,
        220.31982421875,
        199.533203125,
        179.275146484375,
        159.5487060546875,
        140.2261962890625,
        121.4141845703125,
        103.0157470703125,
        85.2060546875,
        67.771484375,
        50.7022705078125,
        34.250244140625,
        18.1622314453125,
        2.4771728515625,
        -12.7882080078125,
        -27.5946044921875,
        -41.9564208984375,
        -55.8455810546875,
        -69.4881591796875,
        -82.7547607421875,
        -95.5758056640625,
        -107.9620361328125,
        -120.0355224609375,
        -131.8656005859375,
        -143.3411865234375,
        -154.455078125,
        -165.3907470703125,
        -175.98974609375,
        -186.2972412109375,
        -196.7008056640625,
        -206.6614990234375,
        -216.5406494140625,
        -226.1761474609375,
        -235.30517578125,
        -244.3621826171875,
        -253.05517578125,
        -262.0201416015625,
        -270.4547119140625,
        -278.8641357421875,
        -287.162109375,
        -294.6534423828125,
        -302.5274658203125,
        -309.8114013671875,
        -317.2227783203125,
        -324.0128173828125,
        -331.5718994140625,
        -337.9554443359375,
        -345.2301025390625,
        -351.9385986328125,
        -357.8804931640625,
        -364.2672119140625,
        -370.8145751953125,
        -376.04150390625,
        -382.145263671875,
        -387.8648681640625,
        -393.4893798828125,
        -398.8802490234375,
        -404.5438232421875,
        -409.8470458984375,
        -415.231689453125,
        -420.2584228515625,
        -425.482177734375,
        -429.8753662109375,
        -434.2879638671875,
        -439.6939697265625,
        -443.6468505859375,
        -449.0804443359375,
        -452.9468994140625,
        -457.0740966796875,
        -461.8114013671875,
        -465.3836669921875,
        -469.5401611328125,
        -474.323486328125,
        -477.2237548828125,
        -481.5814208984375,
        -485.3175048828125,
        -488.5665283203125,
        -492.363037109375,
        -496.0931396484375,
        -499.5994873046875,
        -503.423583984375,
        -505.7950439453125,
        -509.6790771484375,
        -512.0535888671875,
        -514.4337158203125,
        -518.29150390625,
        -521.5185546875,
        -522.1060791015625,
        -526.1536865234375,
        -529.0657958984375,
        -533.37255859375,
        -536.0526123046875,
        -537.1270751953125,
        -539.804443359375,
        -542.9669189453125,
        -545.4219970703125,
        -548.944580078125,
        -550.1541748046875,
        -552.6695556640625,
        -554.5054931640625,
        -556.3150634765625,
        -559.9212646484375,
        -559.488525390625,
        -564.09326171875,
        -567.453857421875,
        -566.5635986328125,
        -570.8370361328125,
        -573.8516845703125,
        -575.4849853515625,
        -575.7943115234375,
        -577.1905517578125,
        -577.4749755859375,
        -583.0804443359375,
        -582.731201171875,
        -584.9022216796875,
        -587.5413818359375,
        -588.3658447265625,
        -589.3914794921875,
        -592.9483642578125,
        -594.0035400390625,
        -593.9381103515625,
        -595.81640625,
        -595.5748291015625,
        -601.2205810546875,
        -600.84423828125,
        -602.556884765625,
        -603.5784912109375,
        -604.541748046875,
        -603.8211669921875,
        -609.0849609375,
        -605.1207275390625,
        -607.7784423828125,
        -612.5789794921875,
        -609.4761962890625,
        -613.1912841796875,
        -616.2298583984375,
        -610.5975341796875,
        -613.0789794921875,
        -615.9334716796875,
        -619.7490234375,
        -621.8529052734375,
        -619.0377197265625,
        -624.4364013671875,
        -624.8134765625,
        -621.62890625,
        -622.87646484375,
        -618.4603271484375,
        -628.325439453125,
        -621.07421875,
        -624.7989501953125,
        -624.692138671875,
        -622.0352783203125,
        -628.9827880859375,
        -628.0838623046875,
        -625.2840576171875,
        -632.8773193359375,
        -629.8551025390625,
        -629.3876953125,
        -630.8760986328125,
        -625.864501953125,
        -624.1658935546875,
        -638.6270751953125,
        -632.6058349609375,
        -628.0909423828125,
        -627.5068359375,
        -620.2176513671875,
        -631.3023681640625,
        -623.861572265625,
        -634.5372314453125,
        -630.5177001953125,
        -639.4588623046875,
        -634.0211181640625,
        -628.1834716796875,
        -635.3043212890625,
        -631.2542724609375,
        -629.63037109375,
        -624.1829833984375,
        -623.8846435546875,
        -626.7950439453125,
        -634.8995361328125,
        -630.2581787109375,
        -632.6229248046875,
        -637.0556640625,
        -629.1090087890625,
        -637.529296875,
        -636.6317138671875,
        -629.522705078125,
        -618.188720703125,
        -626.554443359375,
        -638.6185302734375,
        -635.6783447265625,
        -625.16796875,
        -629.8690185546875,
        -632.8162841796875,
        -625.4378662109375,
        -640.473388671875,
        -611.7947998046875,
        -621.021484375,
        -628.9744873046875,
        -625.32568359375,
        -618.9808349609375,
        -627.8819580078125,
        -620.273681640625,
        -601.9996337890625,
        -605.6802978515625,
        -604.40087890625,
        -626.0863037109375,
        -612.255126953125,
        -607.0650634765625,
        -618.8045654296875,
        -603.6917724609375,
        -608.2940673828125,
        -606.7315673828125,
        -622.2626953125,
        -599.1212158203125,
        -606.7567138671875,
        -606.2034912109375,
        -601.8841552734375,
        -621.4844970703125,
        -604.9530029296875,
        -603.016845703125,
        -604.6641845703125,
        -602.75732421875,
