{
    "lengthscale": 1.2040677070617676,
    "outputscale": 30.591005325317383,
    "noise": 0.12330517172813416,
    "marginal_likelihood_loss_history": [
        -229.42010498046875,
        -232.37615966796875,
        -228.24884033203125,
        -229.58514404296875,
        -233.79449462890625,
        -232.42742919921875,
        -237.98492431640625,
        -244.28302001953125,
        -239.43988037109375,
        -251.73992919921875,
        -247.32855224609375,
        -248.07806396484375,
        -250.94610595703125,
        -245.78204345703125,
        -249.63970947265625,
        -248.87152099609375,
        -250.20428466796875,
        -239.08673095703125,
        -253.02532958984375,
        -246.34967041015625,
        -247.75848388671875,
        -250.51239013671875,
        -255.27325439453125,
        -250.33599853515625,
        -253.47442626953125,
        -248.42169189453125,
        -240.39215087890625,
        -240.29913330078125,
        -242.99298095703125,
        -245.79852294921875,
        -254.45367431640625,
        -235.83282470703125,
        -250.64947509765625,
        -245.53436279296875,
        -238.52630615234375,
        -241.77740478515625,
        -247.22772216796875,
        -243.19915771484375,
        -245.17352294921875,
        -246.67840576171875,
        -248.79290771484375,
        -247.41656494140625,
        -240.33502197265625,
        -256.71063232421875,
        -243.91839599609375,
        -250.64080810546875,
        -253.87786865234375,
        -246.30682373046875,
        -248.60186767578125,
        -255.47296142578125,
        -240.73284912109375,
        -253.23870849609375,
        -252.98553466796875,
        -254.37274169921875,
        -254.79351806640625,
        -243.92486572265625,
        -255.89117431640625,
        -244.75238037109375,
        -241.97833251953125,
        -253.55169677734375,
        -248.69134521484375,
        -251.19842529296875,
        -249.70867919921875,
        -245.64324951171875,
        -251.98114013671875,
        -257.67620849609375,
        -252.26165771484375,
        -246.88958740234375,
        -250.81536865234375,
        -255.34527587890625,
        -255.58416748046875,
        -252.98187255859375,
        -254.14276123046875,
        -252.06390380859375,
        -258.43426513671875,
        -255.69378662109375,
        -258.78179931640625,
        -252.73516845703125,
        -253.07501220703125,
        -248.91705322265625,
        -251.45269775390625,
        -256.00311279296875,
        -247.78265380859375,
        -251.43768310546875,
        -249.61663818359375,
        -249.37103271484375,
        -251.30133056640625,
        -251.54119873046875,
        -250.10858154296875,
        -246.44915771484375,
        -247.92303466796875,
        -248.24945068359375,
        -255.52313232421875,
        -252.86236572265625,
        -232.96868896484375,
        -242.83489990234375,
        -242.34832763671875,
        -238.11126708984375,
        -246.18682861328125,
        -245.18157958984375,
        -245.42840576171875,
        -251.76531982421875,
        -234.17352294921875,
        -243.71026611328125,
        -239.59417724609375,
        -246.61492919921875,
        -242.91668701171875,
        -255.14251708984375,
        -250.83807373046875,
        -249.80474853515625,
        -238.92132568359375,
        -242.13470458984375,
        -244.02972412109375,
        -245.93402099609375,
        -248.45184326171875,
        -240.35198974609375,
        -228.81561279296875,
        -237.66265869140625,
        -247.05462646484375,
        -240.55072021484375,
        -243.47808837890625,
        -234.21832275390625,
        -238.12493896484375,
        -235.09552001953125,
        -243.08258056640625,
        -247.89178466796875,
        -234.01800537109375,
        -240.38385009765625,
        -242.70904541015625,
        -237.75653076171875,
        -231.05780029296875,
        -242.79852294921875,
        -250.01043701171875,
        -229.11590576171875,
        -234.73431396484375,
        -237.41851806640625,
        -240.00274658203125,
        -234.07122802734375,
        -245.07635498046875,
        -235.43939208984375,
        -240.02459716796875,
        -234.23968505859375,
        -246.16815185546875,
        -241.56011962890625,
        -246.87371826171875,
        -239.43963623046875,
        -240.00872802734375,
        -237.84820556640625,
        -251.18548583984375,
        -238.70697021484375,
        -232.74871826171875,
        -234.44158935546875,
        -244.44415283203125,
        -256.80841064453125,
        -236.62164306640625,
        -247.90704345703125,
        -245.80438232421875,
        -231.20904541015625,
        -237.04998779296875,
        -238.66351318359375,
        -244.52215576171875,
        -239.13092041015625,
        -238.03472900390625,
        -234.29046630859375,
        -235.73431396484375,
        -242.58563232421875,
        -238.58441162109375,
        -248.17340087890625,
        -243.30035400390625,
        -236.52093505859375,
        -245.91717529296875,
        -239.64300537109375,
        -235.01971435546875,
        -250.20428466796875,
        -232.46453857421875,
        -246.28607177734375,
        -236.43817138671875,
        -245.59588623046875,
        -255.51849365234375,
        -241.85272216796875,
        -230.01593017578125,
        -234.44195556640625,
        -236.60333251953125,
        -242.79693603515625,
        -238.59991455078125,
        -241.38983154296875,
        -230.02069091796875,
        -239.42327880859375,
        -237.98602294921875,
        -242.33758544921875,
        -244.98602294921875,
        -245.17095947265625,
        -221.57135009765625,
        -245.65545654296875,
        -243.15863037109375,
        -236.10443115234375,
        -228.19476318359375,
        -240.09808349609375,
        -242.02484130859375,
        -239.13836669921875,
        -241.46649169921875,
        -247.55511474609375,
        -234.88592529296875,
        -235.42401123046875,
        -228.40032958984375,
        -236.45355224609375,
        -230.71136474609375,
        -242.89337158203125,
        -232.17108154296875,
        -240.66546630859375,
        -232.70806884765625,
        -238.54168701171875,
        -241.49285888671875,
        -254.23358154296875,
        -230.92877197265625,
        -233.49603271484375,
        -230.84893798828125,
        -233.79815673828125,
        -227.35369873046875,
        -235.48614501953125,
        -239.67840576171875,
        -239.64471435546875,
        -227.91278076171875,
        -238.49896240234375,
        -237.42327880859375,
        -241.14056396484375,
        -233.93548583984375,
        -251.80706787109375,
        -230.80316162109375,
        -245.32366943359375,
        -242.38983154296875,
        -243.03900146484375,
        -240.24896240234375,
        -236.52569580078125,
        -237.40618896484375,
        -227.91717529296875,
        -231.00360107421875,
        -236.58563232421875,
        -239.62933349609375,
        -238.09368896484375,
        -230.68646240234375,
        -230.79254150390625,
        -226.63531494140625,
        -234.67877197265625,
        -222.34698486328125,
        -238.46197509765625,
        -222.93475341796875,
        -237.42694091796875,
        -238.60333251953125,
        -237.54510498046875,
        -234.54302978515625,
        -241.84234619140625,
        -243.74774169921875,
        -227.17340087890625,
        -237.25360107421875,
        -238.14508056640625,
        -243.96380615234375,
        -242.96405029296875,
        -225.55279541015625,
        -239.75994873046875,
        -236.92706298828125,
        -226.66107177734375,
        -234.53631591796875,
        -239.20013427734375,
        -231.87811279296875,
        -241.89349365234375,
        -236.86468505859375,
        -237.34808349609375,
        -240.26104736328125,
        -239.04718017578125,
