{
    "lengthscale": 1.1240143775939941,
    "outputscale": 24.755733489990234,
    "noise": 0.1263200044631958,
    "marginal_likelihood_loss_history": [
        11771.9658203125,
        11143.39453125,
        10547.728515625,
        9981.615234375,
        9444.4384765625,
        8934.3291015625,
        8450.341796875,
        7990.91455078125,
        7555.169921875,
        7142.0556640625,
        6750.35302734375,
        6379.13916015625,
        6027.3203125,
        5694.09619140625,
        5378.712890625,
        5080.03125,
        4797.74853515625,
        4530.70458984375,
        4278.3076171875,
        4039.83349609375,
        3814.52490234375,
        3601.8544921875,
        3401.1044921875,
        3211.56640625,
        3032.931640625,
        2864.21337890625,
        2705.369140625,
        2555.42431640625,
        2414.2197265625,
        2281.044921875,
        2155.6328125,
        2037.3697509765625,
        1926.0045166015625,
        1821.0059814453125,
        1722.1065673828125,
        1628.8878173828125,
        1541.0777587890625,
        1458.2955322265625,
        1380.2479248046875,
        1306.6834716796875,
        1237.2518310546875,
        1171.7894287109375,
        1109.9334716796875,
        1051.5848388671875,
        996.4478759765625,
        944.2493896484375,
        894.8170166015625,
        847.9537353515625,
        803.48828125,
        761.208251953125,
        720.9761962890625,
        682.63037109375,
        646.028076171875,
        610.959228515625,
        577.3521728515625,
        545.095703125,
        514.1219482421875,
        484.23193359375,
        455.4859619140625,
        427.6683349609375,
        400.7843017578125,
        374.7784423828125,
        349.5341796875,
        325.13330078125,
        301.4046630859375,
        278.3701171875,
        255.9752197265625,
        234.205078125,
        212.99951171875,
        192.362060546875,
        172.2467041015625,
        152.7020263671875,
        133.5601806640625,
        114.981689453125,
        96.857666015625,
        79.2054443359375,
        62.0350341796875,
        45.2918701171875,
        28.9671630859375,
        13.1318359375,
        -2.3065185546875,
        -17.29541015625,
        -31.8426513671875,
        -45.8880615234375,
        -59.5823974609375,
        -72.9111328125,
        -85.8504638671875,
        -98.5029296875,
        -110.7786865234375,
        -122.6802978515625,
        -134.540771484375,
        -145.7755126953125,
        -156.765625,
        -167.82080078125,
        -178.234619140625,
        -188.7471923828125,
        -198.9759521484375,
        -208.682373046875,
        -218.2752685546875,
        -227.6981201171875,
        -237.40869140625,
        -246.3056640625,
        -254.94189453125,
        -263.4361572265625,
        -271.9970703125,
        -280.0799560546875,
        -287.9674072265625,
        -296.0919189453125,
        -303.552001953125,
        -310.8453369140625,
        -317.887451171875,
        -325.3582763671875,
        -332.1192626953125,
        -339.0888671875,
        -345.72021484375,
        -352.2838134765625,
        -357.8575439453125,
        -364.15478515625,
        -370.8096923828125,
        -376.6083984375,
        -382.0634765625,
        -387.6910400390625,
        -393.7000732421875,
        -398.7730712890625,
        -403.1500244140625,
        -408.8843994140625,
        -414.2518310546875,
        -419.287353515625,
        -424.1375732421875,
        -428.90185546875,
        -433.810302734375,
        -438.3109130859375,
        -441.9700927734375,
        -446.90087890625,
        -452.1287841796875,
        -455.9090576171875,
        -460.0908203125,
        -464.009765625,
        -468.2335205078125,
        -471.2894287109375,
        -475.2672119140625,
        -478.934326171875,
        -482.367431640625,
        -487.1839599609375,
        -490.259033203125,
        -492.3603515625,
        -496.3009033203125,
        -499.523681640625,
        -502.2938232421875,
        -505.9957275390625,
        -508.2724609375,
        -511.7593994140625,
        -514.8179931640625,
        -517.3564453125,
        -519.8345947265625,
        -522.4625244140625,
        -526.7811279296875,
        -528.1229248046875,
        -531.572265625,
        -533.868896484375,
        -536.6768798828125,
        -537.791015625,
        -541.5069580078125,
        -543.1025390625,
        -544.8861083984375,
        -548.8260498046875,
        -552.6055908203125,
        -552.505126953125,
        -553.9324951171875,
        -558.3226318359375,
        -560.3497314453125,
        -563.3140869140625,
        -564.9876708984375,
        -565.8995361328125,
        -568.9658203125,
        -569.1146240234375,
        -571.1610107421875,
        -571.260009765625,
        -572.0220947265625,
        -575.00634765625,
        -576.811767578125,
        -579.47998046875,
        -579.6658935546875,
        -579.640380859375,
        -584.1533203125,
        -586.7135009765625,
        -586.8157958984375,
        -590.3240966796875,
        -586.504638671875,
        -591.9539794921875,
        -591.4237060546875,
        -590.642822265625,
        -597.5858154296875,
        -597.6844482421875,
        -594.458251953125,
        -599.797119140625,
        -602.142333984375,
        -601.072998046875,
        -599.8543701171875,
        -602.9261474609375,
        -602.488525390625,
        -602.8848876953125,
        -604.2940673828125,
        -609.0286865234375,
        -606.674072265625,
        -608.1114501953125,
        -611.6575927734375,
        -612.2413330078125,
        -610.50048828125,
        -612.320556640625,
        -615.01123046875,
        -611.4566650390625,
        -617.5333251953125,
        -615.6900634765625,
        -613.3853759765625,
        -610.633056640625,
        -614.6522216796875,
        -622.3292236328125,
        -618.0247802734375,
        -617.5460205078125,
        -620.978271484375,
        -620.8516845703125,
        -615.729736328125,
        -617.0391845703125,
        -622.4708251953125,
        -623.3372802734375,
        -610.3446044921875,
        -618.0528564453125,
        -615.9320068359375,
        -617.591064453125,
        -609.1605224609375,
        -612.0145263671875,
        -612.108154296875,
        -613.220703125,
        -620.7235107421875,
        -619.427490234375,
        -622.6551513671875,
        -627.0958251953125,
        -622.0516357421875,
        -611.8184814453125,
        -620.7010498046875,
        -623.0980224609375,
        -614.13427734375,
        -621.6737060546875,
        -620.236328125,
        -622.5550537109375,
        -617.962158203125,
        -635.4083251953125,
        -618.3848876953125,
        -622.5526123046875,
        -632.1419677734375,
        -629.576904296875,
        -617.2510986328125,
        -609.729736328125,
        -628.7769775390625,
        -623.1956787109375,
        -614.3004150390625,
        -620.9420166015625,
        -618.6802978515625,
        -620.7877197265625,
        -617.2747802734375,
        -625.5880126953125,
        -606.888427734375,
        -628.340576171875,
        -615.743896484375,
        -618.791015625,
        -624.783447265625,
        -621.3692626953125,
        -619.859619140625,
        -605.2335205078125,
        -628.4537353515625,
        -615.1014404296875,
        -596.9737548828125,
        -604.3385009765625,
        -611.8614501953125,
        -609.0904541015625,
        -609.8375244140625,
        -620.674560546875,
        -617.0767822265625,
        -593.1751708984375,
        -606.1824951171875,
        -607.25537109375,
        -608.3153076171875,
        -617.4884033203125,
        -599.8411865234375,
        -594.802001953125,
        -601.10693359375,
        -600.968017578125,
        -600.1435546875,
        -598.9029541015625,
        -596.1575927734375,
        -601.4410400390625,
