{
    "lengthscale": 1.0483647584915161,
    "outputscale": 20.36604881286621,
    "noise": 0.11633316427469254,
    "marginal_likelihood_loss_history": [
        11805.802734375,
        11168.17578125,
        10563.109375,
        9988.9921875,
        9444.5517578125,
        8928.04296875,
        8437.986328125,
        7973.5693359375,
        7533.1298828125,
        7115.75537109375,
        6720.75830078125,
        6346.703125,
        5992.25439453125,
        5657.1220703125,
        5340.14208984375,
        5040.51123046875,
        4757.17333984375,
        4489.5322265625,
        4236.81884765625,
        3998.17919921875,
        3773.07177734375,
        3560.71142578125,
        3360.44140625,
        3171.4609375,
        2993.40869140625,
        2825.63525390625,
        2667.48486328125,
        2518.515625,
        2378.1904296875,
        2245.90283203125,
        2121.35498046875,
        2004.0887451171875,
        1893.4920654296875,
        1789.2706298828125,
        1691.1636962890625,
        1598.6712646484375,
        1511.5101318359375,
        1429.3394775390625,
        1351.8406982421875,
        1278.7384033203125,
        1209.6805419921875,
        1144.4986572265625,
        1082.8389892578125,
        1024.6026611328125,
        969.3746337890625,
        917.1029052734375,
        867.4630126953125,
        820.2464599609375,
        775.408203125,
        732.61767578125,
        691.7127685546875,
        652.6046142578125,
        615.0867919921875,
        579.109130859375,
        544.4107666015625,
        511.050048828125,
        478.8525390625,
        447.796142578125,
        417.73486328125,
        388.6275634765625,
        360.42724609375,
        333.0838623046875,
        306.6026611328125,
        280.941650390625,
        255.9564208984375,
        231.720703125,
        208.1685791015625,
        185.2666015625,
        163.00390625,
        141.2841796875,
        120.2115478515625,
        99.6484375,
        79.5498046875,
        60.0626220703125,
        41.094970703125,
        22.527099609375,
        4.56982421875,
        -13.01123046875,
        -30.0301513671875,
        -46.7657470703125,
        -62.7049560546875,
        -78.4398193359375,
        -93.5731201171875,
        -108.2105712890625,
        -122.4530029296875,
        -136.21533203125,
        -149.5601806640625,
        -162.4510498046875,
        -174.9228515625,
        -187.201416015625,
        -198.927490234375,
        -210.314208984375,
        -221.4033203125,
        -232.2601318359375,
        -242.4901123046875,
        -252.889404296875,
        -262.87744140625,
        -272.602294921875,
        -282.1322021484375,
        -291.7100830078125,
        -300.9638671875,
        -310.007568359375,
        -318.7891845703125,
        -326.99267578125,
        -335.7181396484375,
        -343.885498046875,
        -351.5736083984375,
        -359.6041259765625,
        -367.106689453125,
        -374.5260009765625,
        -381.1634521484375,
        -389.1390380859375,
        -395.6712646484375,
        -401.715576171875,
        -408.630859375,
        -414.6793212890625,
        -420.6007080078125,
        -426.5262451171875,
        -433.135498046875,
        -438.805908203125,
        -443.99267578125,
        -450.4537353515625,
        -456.0289306640625,
        -460.850830078125,
        -466.4185791015625,
        -471.21337890625,
        -476.12939453125,
        -480.8607177734375,
        -485.43701171875,
        -490.2818603515625,
        -495.1138916015625,
        -499.2584228515625,
        -503.6998291015625,
        -507.8546142578125,
        -511.8460693359375,
        -515.3880615234375,
        -519.8123779296875,
        -523.9781494140625,
        -527.7772216796875,
        -531.7327880859375,
        -534.736328125,
        -539.0631103515625,
        -542.076416015625,
        -545.1397705078125,
        -548.154052734375,
        -551.2625732421875,
        -555.20849609375,
        -557.646240234375,
        -561.0101318359375,
        -564.282470703125,
        -568.0692138671875,
        -570.084228515625,
        -573.2052001953125,
        -573.9117431640625,
        -576.33642578125,
        -580.6209716796875,
        -582.858642578125,
        -586.20703125,
        -587.3560791015625,
        -588.5057373046875,
        -591.7034912109375,
        -594.4095458984375,
        -597.7852783203125,
        -599.1380615234375,
        -601.3541259765625,
        -603.9329833984375,
        -605.2025146484375,
        -607.3448486328125,
        -609.5992431640625,
        -611.2471923828125,
        -613.781494140625,
        -613.7171630859375,
        -618.6556396484375,
        -617.3914794921875,
        -620.0294189453125,
        -619.3779296875,
        -623.9991455078125,
        -626.0606689453125,
        -623.8353271484375,
        -629.9708251953125,
        -628.8424072265625,
        -630.9295654296875,
        -636.1380615234375,
        -636.4681396484375,
        -635.7174072265625,
        -637.4141845703125,
        -637.9576416015625,
        -639.9293212890625,
        -642.69677734375,
        -638.48828125,
        -642.5770263671875,
        -646.8411865234375,
        -642.320556640625,
        -645.119384765625,
        -645.7781982421875,
        -645.3841552734375,
        -646.181640625,
        -648.8101806640625,
        -650.5687255859375,
        -651.9639892578125,
        -650.3519287109375,
        -652.16552734375,
        -653.6156005859375,
        -653.5245361328125,
        -655.0609130859375,
        -654.9339599609375,
        -657.4029541015625,
        -658.781982421875,
        -658.8983154296875,
        -661.1199951171875,
        -662.1187744140625,
        -657.4820556640625,
        -657.7110595703125,
        -656.99462890625,
        -659.3004150390625,
        -661.2672119140625,
        -658.443603515625,
        -663.9837646484375,
        -655.8468017578125,
        -662.9869384765625,
        -662.8319091796875,
        -661.6473388671875,
        -667.477783203125,
        -665.0328369140625,
        -659.5380859375,
        -665.765380859375,
        -663.068603515625,
        -665.0426025390625,
        -662.9017333984375,
        -662.6015625,
        -660.5474853515625,
        -663.3134765625,
        -668.5657958984375,
        -662.112060546875,
        -664.2977294921875,
        -655.4862060546875,
        -659.343505859375,
        -657.07763671875,
        -659.48876953125,
        -655.0252685546875,
        -652.8726806640625,
        -656.1822509765625,
        -650.2890625,
        -660.3338623046875,
        -655.0213623046875,
        -660.55517578125,
        -659.0301513671875,
        -660.90087890625,
        -654.979736328125,
        -655.5244140625,
        -654.831298828125,
        -657.728271484375,
        -657.095947265625,
        -655.6649169921875,
        -656.8978271484375,
        -665.845703125,
        -659.0576171875,
        -655.308837890625,
        -649.6529541015625,
        -667.489990234375,
        -657.7113037109375,
        -651.613037109375,
        -653.9603271484375,
        -647.3800048828125,
        -626.7667236328125,
        -647.5423583984375,
        -646.6568603515625,
        -654.5638427734375,
        -651.1114501953125,
        -640.4710693359375,
        -641.559814453125,
        -647.1527099609375,
        -647.2586669921875,
        -650.6094970703125,
        -651.6494140625,
        -642.3248291015625,
        -641.306884765625,
        -643.6046142578125,
        -630.1180419921875,
        -650.9222412109375,
        -642.114990234375,
        -638.492431640625,
        -633.162353515625,
        -640.6356201171875,
        -632.6822509765625,
        -624.5167236328125,
        -623.2615966796875,
        -640.8961181640625,
        -630.8980712890625,
        -631.6256103515625,
        -639.7965087890625,
        -628.802978515625,
