{
    "lengthscale": 1.170346975326538,
    "outputscale": 26.85832977294922,
    "noise": 0.14086107909679413,
    "marginal_likelihood_loss_history": [
        11559.7373046875,
        10949.166015625,
        10368.419921875,
        9815.775390625,
        9290.6083984375,
        8791.1630859375,
        8316.38671875,
        7865.10302734375,
        7436.49267578125,
        7029.0771484375,
        6642.97900390625,
        6276.42431640625,
        5928.54541015625,
        5599.05810546875,
        5287.00390625,
        4991.38525390625,
        4711.45263671875,
        4446.8369140625,
        4196.69482421875,
        3960.14013671875,
        3736.84326171875,
        3526.05859375,
        3327.1708984375,
        3139.5048828125,
        2962.61767578125,
        2796.0146484375,
        2638.98779296875,
        2491.10546875,
        2351.853515625,
        2220.74072265625,
        2097.33837890625,
        1981.2584228515625,
        1872.0357666015625,
        1769.3057861328125,
        1672.5570068359375,
        1581.5767822265625,
        1495.9337158203125,
        1415.4356689453125,
        1339.5345458984375,
        1268.1788330078125,
        1200.9122314453125,
        1137.6182861328125,
        1077.8260498046875,
        1021.5010986328125,
        968.3328857421875,
        918.0709228515625,
        870.4888916015625,
        825.4459228515625,
        782.7398681640625,
        742.217529296875,
        703.5699462890625,
        666.7855224609375,
        631.602783203125,
        597.9921875,
        565.7593994140625,
        534.76953125,
        504.9576416015625,
        476.2479248046875,
        448.5250244140625,
        421.7271728515625,
        395.8128662109375,
        370.558349609375,
        346.1954345703125,
        322.509521484375,
        299.4775390625,
        277.0712890625,
        255.3209228515625,
        234.08740234375,
        213.430419921875,
        193.3560791015625,
        173.7342529296875,
        154.7042236328125,
        136.036376953125,
        117.880615234375,
        100.2586669921875,
        83.0687255859375,
        66.3892822265625,
        50.0638427734375,
        34.2083740234375,
        18.8428955078125,
        3.8662109375,
        -10.6513671875,
        -24.820556640625,
        -38.734375,
        -51.9053955078125,
        -64.8900146484375,
        -77.5943603515625,
        -89.802001953125,
        -101.73486328125,
        -113.2900390625,
        -124.6070556640625,
        -135.619140625,
        -146.5701904296875,
        -157.1558837890625,
        -167.376953125,
        -177.6846923828125,
        -187.23388671875,
        -197.1005859375,
        -206.642333984375,
        -215.8502197265625,
        -225.189208984375,
        -233.68603515625,
        -241.9248046875,
        -250.71875,
        -258.7469482421875,
        -266.8109130859375,
        -274.5789794921875,
        -282.0516357421875,
        -289.595947265625,
        -296.84521484375,
        -303.7303466796875,
        -310.8648681640625,
        -317.406494140625,
        -324.1685791015625,
        -330.4605712890625,
        -337.2032470703125,
        -343.531005859375,
        -349.3258056640625,
        -354.9752197265625,
        -361.13037109375,
        -366.4066162109375,
        -372.4036865234375,
        -377.6470947265625,
        -382.908203125,
        -388.0054931640625,
        -392.807861328125,
        -397.6676025390625,
        -402.92333984375,
        -407.9036865234375,
        -412.7696533203125,
        -417.248291015625,
        -420.919921875,
        -426.1632080078125,
        -430.625732421875,
        -434.099853515625,
        -439.3155517578125,
        -442.3787841796875,
        -446.3328857421875,
        -450.5206298828125,
        -454.95751953125,
        -457.2998046875,
        -461.1402587890625,
        -464.9356689453125,
        -468.2205810546875,
        -473.1192626953125,
        -475.4613037109375,
        -479.3609619140625,
        -482.6163330078125,
        -485.5076904296875,
        -488.43115234375,
        -492.1856689453125,
        -495.1448974609375,
        -497.15771484375,
        -499.6212158203125,
        -503.4371337890625,
        -505.383056640625,
        -508.8834228515625,
        -511.181884765625,
        -513.3175048828125,
        -517.58984375,
        -519.8975830078125,
        -519.8731689453125,
        -523.8262939453125,
        -526.6109619140625,
        -527.782470703125,
        -531.3040771484375,
        -533.37646484375,
        -534.5892333984375,
        -536.8470458984375,
        -539.4901123046875,
        -539.8104248046875,
        -543.910888671875,
        -542.6341552734375,
        -546.6109619140625,
        -547.1768798828125,
        -548.8350830078125,
        -550.3201904296875,
        -551.694091796875,
        -554.7965087890625,
        -556.5435791015625,
        -559.47900390625,
        -560.3890380859375,
        -562.10009765625,
        -564.6727294921875,
        -564.6142578125,
        -569.1715087890625,
        -569.4415283203125,
        -570.43603515625,
        -571.3726806640625,
        -572.44970703125,
        -573.5087890625,
        -575.1881103515625,
        -579.11865234375,
        -577.851318359375,
        -578.478271484375,
        -577.3304443359375,
        -580.4781494140625,
        -582.6663818359375,
        -583.8065185546875,
        -584.5723876953125,
        -585.40966796875,
        -588.810302734375,
        -587.5380859375,
        -589.9259033203125,
        -591.949951171875,
        -592.9498291015625,
        -593.466064453125,
        -598.2996826171875,
        -592.8509521484375,
        -594.7392578125,
        -595.91552734375,
        -597.791748046875,
        -596.815185546875,
        -594.12060546875,
        -597.6744384765625,
        -600.8157958984375,
        -606.13671875,
        -604.8990478515625,
        -598.6754150390625,
        -596.974365234375,
        -603.9803466796875,
        -604.5343017578125,
        -596.511962890625,
        -609.3612060546875,
        -603.743896484375,
        -607.7442626953125,
        -600.5628662109375,
        -606.8138427734375,
        -605.0062255859375,
        -612.0379638671875,
        -605.181396484375,
        -604.5501708984375,
        -610.2445068359375,
        -601.206298828125,
        -611.4755859375,
        -603.946044921875,
        -609.3155517578125,
        -610.8006591796875,
        -598.2838134765625,
        -604.6318359375,
        -599.81103515625,
        -607.1715087890625,
        -613.0235595703125,
        -612.3701171875,
        -610.80322265625,
        -609.6551513671875,
        -615.9576416015625,
        -595.0762939453125,
        -600.2164306640625,
        -607.467041015625,
        -613.19970703125,
        -617.2635498046875,
        -613.1583251953125,
        -610.5926513671875,
        -613.5250244140625,
        -609.1273193359375,
        -608.509521484375,
        -611.0687255859375,
        -606.44189453125,
        -600.7017822265625,
        -601.7274169921875,
        -598.4930419921875,
        -594.3829345703125,
        -600.630126953125,
        -595.0587158203125,
        -594.3509521484375,
        -589.217041015625,
        -587.6844482421875,
        -596.802001953125,
        -603.1197509765625,
        -580.8453369140625,
        -591.0003662109375,
        -591.019287109375,
        -587.6202392578125,
        -581.673583984375,
        -594.1983642578125,
        -587.0455322265625,
        -582.636474609375,
        -587.0435791015625,
        -586.4322509765625,
        -586.2750244140625,
        -565.3287353515625,
        -581.506591796875,
        -591.6004638671875,
        -581.6253662109375,
        -584.9212646484375,
        -583.486083984375,
        -582.3714599609375,
        -577.9056396484375,
        -573.9024658203125,
        -578.7479248046875,
